recording_id,segment_start,segment_end_exclusive,channel_a,channel_b,pearson_zero_lag,max_abs_xcorr_value_signed,max_abs_xcorr_lag_samples,max_abs_xcorr_lag_seconds,max_lag_screen_samples
trimMA342_1200rpm_AW__D_14,137693,146693,X,Y,-0.4317887192653736,-0.6091299450922362,-11,-0.0036666666666666666,150
trimMA342_1200rpm_AW__D_14,137693,146693,X,Z,-0.2905831934162571,0.8379193127360142,-52,-0.017333333333333333,150
trimMA342_1200rpm_AW__D_14,137693,146693,Y,Z,-0.23317986605455224,0.6329565010317525,-103,-0.034333333333333334,150
trimMA342_1200rpm_A__DW_00,137693,146693,X,Y,-0.46991937429832553,0.646438065088698,54,0.018,150
trimMA342_1200rpm_A__DW_00,137693,146693,X,Z,-0.29830319538910294,-0.8363528673719934,-119,-0.03966666666666667,150
trimMA342_1200rpm_A__DW_00,137693,146693,Y,Z,-0.28783982326623075,0.6514244751309431,-102,-0.034,150
trimMA342_1200rpm_A__D_00,137693,146693,X,Y,-0.5404394915211808,0.6829826446985681,55,0.018333333333333333,150
trimMA342_1200rpm_A__D_00,137693,146693,X,Z,-0.34222127562577137,0.8599234233500149,-47,-0.015666666666666666,150
trimMA342_1200rpm_A__D_00,137693,146693,Y,Z,-0.28924257494241185,0.7278268944051016,-105,-0.035,150
trimMA342_1200rpm_A__D_03,137693,146693,X,Y,-0.49205864956107487,0.6474048701122193,55,0.018333333333333333,150
trimMA342_1200rpm_A__D_03,137693,146693,X,Z,-0.2645292937845462,0.8369887226735666,-47,-0.015666666666666666,150
trimMA342_1200rpm_A__D_03,137693,146693,Y,Z,-0.3029311844387545,0.6885427708450688,-103,-0.034333333333333334,150
trimMA342_1200rpm_A__D_06,137693,146693,X,Y,-0.48749387480153894,0.6423938466785983,55,0.018333333333333333,150
trimMA342_1200rpm_A__D_06,137693,146693,X,Z,-0.3155188320840605,0.8346075752678248,-46,-0.015333333333333332,150
trimMA342_1200rpm_A__D_06,137693,146693,Y,Z,-0.27016004594149584,0.6759061677754319,-104,-0.034666666666666665,150
trimMA342_1200rpm_A__D_07,137693,146693,X,Y,-0.46835504509971315,-0.6694106699004491,-10,-0.0033333333333333335,150
trimMA342_1200rpm_A__D_07,137693,146693,X,Z,-0.27189646511476667,0.8303353339654654,-46,-0.015333333333333332,150
trimMA342_1200rpm_A__D_07,137693,146693,Y,Z,-0.29370569785806827,-0.6800913335709337,125,0.041666666666666664,150
trimMA342_1200rpm_A__D_09,137693,146693,X,Y,-0.5135736381433768,-0.6522609539566729,-12,-0.004,150
trimMA342_1200rpm_A__D_09,137693,146693,X,Z,-0.26660927643073473,-0.8322387166247237,-117,-0.039,150
trimMA342_1200rpm_A__D_09,137693,146693,Y,Z,-0.27095684127125447,0.6763152919689964,-104,-0.034666666666666665,150
trimMA342_1200rpm_A__D_10,137693,146693,X,Y,-0.46703765913827716,0.633216965759684,55,0.018333333333333333,150
trimMA342_1200rpm_A__D_10,137693,146693,X,Z,-0.25547985107769333,0.8153473314328106,-49,-0.01633333333333333,150
trimMA342_1200rpm_A__D_10,137693,146693,Y,Z,-0.28223666288105836,0.6666326299524612,-105,-0.035,150
trimMA342_1200rpm_A__D_11,137693,146693,X,Y,-0.47430767750628766,0.6161798810336578,54,0.018,150
trimMA342_1200rpm_A__D_11,137693,146693,X,Z,-0.2868257788511943,0.8201338109772809,-51,-0.017,150
trimMA342_1200rpm_A__D_11,137693,146693,Y,Z,-0.29098633373954147,0.6660447603201803,-103,-0.034333333333333334,150
trimMA342_1200rpm_A__D_15,137693,146693,X,Y,-0.44310317697508583,0.6035856312044234,55,0.018333333333333333,150
trimMA342_1200rpm_A__D_15,137693,146693,X,Z,-0.2719873528793192,-0.830177758163827,-118,-0.03933333333333333,150
trimMA342_1200rpm_A__D_15,137693,146693,Y,Z,-0.28939150913985445,0.6555522762973995,-103,-0.034333333333333334,150
trimMA342_1200rpm_A__Dvv_05,137693,146693,X,Y,-0.4343692315479849,0.6050106321570028,55,0.018333333333333333,150
trimMA342_1200rpm_A__Dvv_05,137693,146693,X,Z,-0.21474816091727233,0.8339537550927837,-47,-0.015666666666666666,150
trimMA342_1200rpm_A__Dvv_05,137693,146693,Y,Z,-0.3022307670868254,0.6249754895650563,-102,-0.034,150
trimMA342_1200rpm_Avv__D_05,137693,146693,X,Y,-0.44288612158394874,-0.5864794100056046,-11,-0.0036666666666666666,150
trimMA342_1200rpm_Avv__D_05,137693,146693,X,Z,-0.23427395264820625,-0.831710416688357,-117,-0.039,150
trimMA342_1200rpm_Avv__D_05,137693,146693,Y,Z,-0.2511604199310877,0.6343979993624147,-103,-0.034333333333333334,150
trimMA342_1200rpm_Avv__Dvv_04,137693,146693,X,Y,-0.39744245775662174,-0.6183399837926854,-12,-0.004,150
trimMA342_1200rpm_Avv__Dvv_04,137693,146693,X,Z,-0.27021402610758494,-0.8370019406969177,-118,-0.03933333333333333,150
trimMA342_1200rpm_Avv__Dvv_04,137693,146693,Y,Z,-0.2923413602447775,-0.6320029532341405,127,0.042333333333333334,150
