recording_a,recording_b,split_a,split_b,cross_split,feature_distance,global_rank,class_id_a,class_id_b,config_a,config_b,selection_reason,screen_status,verification_status
trimMA342_1200rpm_A__Dvv_06,trimMA342_1200rpm_Avv__Dvv_12,validation,train,True,0.791435504147345,1,4,5,A__Dvv,Avv__Dvv,TOP5_FOR_RECORD;TOP_CROSS_SPLIT;TOP_GLOBAL,SCREEN_CANDIDATE,NOT_YET_VERIFIED
trimMA342_1200rpm_A__D_12,trimMA342_1200rpm_A__D_13,validation,test,True,0.8025861537302903,2,0,0,A__D,A__D,TOP5_FOR_RECORD;TOP_CROSS_SPLIT;TOP_GLOBAL,SCREEN_CANDIDATE,NOT_YET_VERIFIED
trimMA342_1200rpm_AW__D_01,trimMA342_1200rpm_AW__D_05,validation,test,True,0.8403597257633265,3,1,1,AW__D,AW__D,TOP5_FOR_RECORD;TOP_CROSS_SPLIT;TOP_GLOBAL,SCREEN_CANDIDATE,NOT_YET_VERIFIED
trimMA342_1200rpm_Avv__D_02,trimMA342_1200rpm_Avv__D_11,train,train,False,0.8470472711694816,4,3,3,Avv__D,Avv__D,TOP5_FOR_RECORD;TOP_GLOBAL,SCREEN_CANDIDATE,NOT_YET_VERIFIED
trimMA342_1200rpm_Avv__D_04,trimMA342_1200rpm_Avv__D_05,validation,train,True,0.8585998892203476,5,3,3,Avv__D,Avv__D,TOP5_FOR_RECORD;TOP_CROSS_SPLIT;TOP_GLOBAL,SCREEN_CANDIDATE,NOT_YET_VERIFIED
trimMA342_1200rpm_A__D_04,trimMA342_1200rpm_A__D_05,validation,validation,False,0.861738137856033,6,0,0,A__D,A__D,TOP5_FOR_RECORD;TOP_GLOBAL,SCREEN_CANDIDATE,NOT_YET_VERIFIED
trimMA342_1200rpm_A__Dvv_06,trimMA342_1200rpm_A__Dvv_09,validation,train,True,0.8631348764808691,7,4,4,A__Dvv,A__Dvv,TOP5_FOR_RECORD;TOP_CROSS_SPLIT;TOP_GLOBAL,SCREEN_CANDIDATE,NOT_YET_VERIFIED
trimMA342_1200rpm_A__Dvv_09,trimMA342_1200rpm_A__Dvv_12,train,train,False,0.8641185199265252,8,4,4,A__Dvv,A__Dvv,TOP5_FOR_RECORD;TOP_GLOBAL,SCREEN_CANDIDATE,NOT_YET_VERIFIED
trimMA342_1200rpm_AW__D_07,trimMA342_1200rpm_AW__D_10,train,validation,True,0.86701486088063,9,1,1,AW__D,AW__D,TOP5_FOR_RECORD;TOP_CROSS_SPLIT;TOP_GLOBAL,SCREEN_CANDIDATE,NOT_YET_VERIFIED
trimMA342_1200rpm_A__DW_13,trimMA342_1200rpm_A__DW_14,train,train,False,0.8739356675806574,10,2,2,A__DW,A__DW,TOP5_FOR_RECORD;TOP_GLOBAL,SCREEN_CANDIDATE,NOT_YET_VERIFIED
trimMA342_1200rpm_Avv__Dvv_03,trimMA342_1200rpm_Avv__Dvv_11,train,validation,True,0.8814626886205572,11,5,5,Avv__Dvv,Avv__Dvv,TOP5_FOR_RECORD;TOP_CROSS_SPLIT;TOP_GLOBAL,SCREEN_CANDIDATE,NOT_YET_VERIFIED
trimMA342_1200rpm_AW__D_01,trimMA342_1200rpm_AW__D_02,validation,train,True,0.8829574684095135,12,1,1,AW__D,AW__D,TOP5_FOR_RECORD;TOP_CROSS_SPLIT;TOP_GLOBAL,SCREEN_CANDIDATE,NOT_YET_VERIFIED
trimMA342_1200rpm_AW__D_02,trimMA342_1200rpm_AW__D_06,train,test,True,0.883993671933598,13,1,1,AW__D,AW__D,TOP5_FOR_RECORD;TOP_CROSS_SPLIT;TOP_GLOBAL,SCREEN_CANDIDATE,NOT_YET_VERIFIED
trimMA342_1200rpm_A__Dvv_13,trimMA342_1200rpm_Avv__Dvv_03,train,train,False,0.8849881949829769,14,4,5,A__Dvv,Avv__Dvv,TOP5_FOR_RECORD;TOP_GLOBAL,SCREEN_CANDIDATE,NOT_YET_VERIFIED
trimMA342_1200rpm_A__D_12,trimMA342_1200rpm_A__D_15,validation,train,True,0.8856012014189631,15,0,0,A__D,A__D,TOP5_FOR_RECORD;TOP_CROSS_SPLIT;TOP_GLOBAL,SCREEN_CANDIDATE,NOT_YET_VERIFIED
trimMA342_1200rpm_Avv__Dvv_11,trimMA342_1200rpm_Avv__Dvv_12,validation,train,True,0.8872743305582382,16,5,5,Avv__Dvv,Avv__Dvv,TOP5_FOR_RECORD;TOP_CROSS_SPLIT;TOP_GLOBAL,SCREEN_CANDIDATE,NOT_YET_VERIFIED
trimMA342_1200rpm_A__Dvv_06,trimMA342_1200rpm_Avv__D_11,validation,train,True,0.8903944258587655,17,4,3,A__Dvv,Avv__D,TOP5_FOR_RECORD;TOP_CROSS_SPLIT;TOP_GLOBAL,SCREEN_CANDIDATE,NOT_YET_VERIFIED
trimMA342_1200rpm_A__D_10,trimMA342_1200rpm_A__D_13,train,test,True,0.8918281871016728,18,0,0,A__D,A__D,TOP5_FOR_RECORD;TOP_CROSS_SPLIT;TOP_GLOBAL,SCREEN_CANDIDATE,NOT_YET_VERIFIED
trimMA342_1200rpm_A__Dvv_03,trimMA342_1200rpm_A__Dvv_06,validation,validation,False,0.8966795041862097,19,4,4,A__Dvv,A__Dvv,TOP5_FOR_RECORD;TOP_GLOBAL,SCREEN_CANDIDATE,NOT_YET_VERIFIED
trimMA342_1200rpm_A__DW_13,trimMA342_1200rpm_A__DW_15,train,validation,True,0.9051457657259763,20,2,2,A__DW,A__DW,TOP5_FOR_RECORD;TOP_CROSS_SPLIT;TOP_GLOBAL,SCREEN_CANDIDATE,NOT_YET_VERIFIED
trimMA342_1200rpm_Avv__D_02,trimMA342_1200rpm_Avv__Dvv_12,train,train,False,0.9054257150330798,21,3,5,Avv__D,Avv__Dvv,TOP5_FOR_RECORD;TOP_GLOBAL,SCREEN_CANDIDATE,NOT_YET_VERIFIED
trimMA342_1200rpm_A__D_13,trimMA342_1200rpm_A__D_14,test,test,False,0.9061192397287274,22,0,0,A__D,A__D,TOP5_FOR_RECORD;TOP_GLOBAL,SCREEN_CANDIDATE,NOT_YET_VERIFIED
trimMA342_1200rpm_AW__D_02,trimMA342_1200rpm_AW__D_03,train,train,False,0.9071914555738433,23,1,1,AW__D,AW__D,TOP5_FOR_RECORD;TOP_GLOBAL,SCREEN_CANDIDATE,NOT_YET_VERIFIED
trimMA342_1200rpm_A__Dvv_09,trimMA342_1200rpm_AW__D_12,train,train,False,0.9077686819904986,24,4,1,A__Dvv,AW__D,TOP5_FOR_RECORD;TOP_GLOBAL,SCREEN_CANDIDATE,NOT_YET_VERIFIED
trimMA342_1200rpm_A__D_14,trimMA342_1200rpm_A__D_15,test,train,True,0.9082742828660413,25,0,0,A__D,A__D,TOP5_FOR_RECORD;TOP_CROSS_SPLIT;TOP_GLOBAL,SCREEN_CANDIDATE,NOT_YET_VERIFIED
trimMA342_1200rpm_A__Dvv_06,trimMA342_1200rpm_A__Dvv_15,validation,train,True,0.9091656775693263,26,4,4,A__Dvv,A__Dvv,TOP5_FOR_RECORD;TOP_CROSS_SPLIT;TOP_GLOBAL,SCREEN_CANDIDATE,NOT_YET_VERIFIED
trimMA342_1200rpm_A__D_13,trimMA342_1200rpm_A__D_15,test,train,True,0.9094254615580285,27,0,0,A__D,A__D,TOP5_FOR_RECORD;TOP_CROSS_SPLIT;TOP_GLOBAL,SCREEN_CANDIDATE,NOT_YET_VERIFIED
trimMA342_1200rpm_Avv__Dvv_02,trimMA342_1200rpm_Avv__Dvv_12,train,train,False,0.9141423969201216,28,5,5,Avv__Dvv,Avv__Dvv,TOP5_FOR_RECORD;TOP_GLOBAL,SCREEN_CANDIDATE,NOT_YET_VERIFIED
trimMA342_1200rpm_AW__D_02,trimMA342_1200rpm_AW__D_04,train,train,False,0.9141604797339722,29,1,1,AW__D,AW__D,TOP5_FOR_RECORD;TOP_GLOBAL,SCREEN_CANDIDATE,NOT_YET_VERIFIED
trimMA342_1200rpm_Avv__D_04,trimMA342_1200rpm_Avv__D_11,validation,train,True,0.9164362647899628,30,3,3,Avv__D,Avv__D,TOP5_FOR_RECORD;TOP_CROSS_SPLIT;TOP_GLOBAL,SCREEN_CANDIDATE,NOT_YET_VERIFIED
trimMA342_1200rpm_A__DW_02,trimMA342_1200rpm_A__DW_03,validation,test,True,0.9176912229867066,31,2,2,A__DW,A__DW,TOP5_FOR_RECORD;TOP_CROSS_SPLIT;TOP_GLOBAL,SCREEN_CANDIDATE,NOT_YET_VERIFIED
trimMA342_1200rpm_A__D_11,trimMA342_1200rpm_A__D_13,train,test,True,0.9188233565684015,32,0,0,A__D,A__D,TOP5_FOR_RECORD;TOP_CROSS_SPLIT;TOP_GLOBAL,SCREEN_CANDIDATE,NOT_YET_VERIFIED
trimMA342_1200rpm_A__D_08,trimMA342_1200rpm_A__D_13,test,test,False,0.9190999895509658,33,0,0,A__D,A__D,TOP5_FOR_RECORD;TOP_GLOBAL,SCREEN_CANDIDATE,NOT_YET_VERIFIED
trimMA342_1200rpm_A__Dvv_01,trimMA342_1200rpm_A__Dvv_03,train,validation,True,0.91991343513889,34,4,4,A__Dvv,A__Dvv,TOP5_FOR_RECORD;TOP_CROSS_SPLIT;TOP_GLOBAL,SCREEN_CANDIDATE,NOT_YET_VERIFIED
trimMA342_1200rpm_Avv__D_01,trimMA342_1200rpm_Avv__D_02,validation,train,True,0.9218792609708797,35,3,3,Avv__D,Avv__D,TOP5_FOR_RECORD;TOP_CROSS_SPLIT;TOP_GLOBAL,SCREEN_CANDIDATE,NOT_YET_VERIFIED
trimMA342_1200rpm_A__Dvv_12,trimMA342_1200rpm_A__Dvv_14,train,test,True,0.9249935811128993,36,4,4,A__Dvv,A__Dvv,TOP5_FOR_RECORD;TOP_CROSS_SPLIT;TOP_GLOBAL,SCREEN_CANDIDATE,NOT_YET_VERIFIED
trimMA342_1200rpm_A__Dvv_09,trimMA342_1200rpm_A__Dvv_14,train,test,True,0.9269908856187428,37,4,4,A__Dvv,A__Dvv,TOP5_FOR_RECORD;TOP_CROSS_SPLIT;TOP_GLOBAL,SCREEN_CANDIDATE,NOT_YET_VERIFIED
trimMA342_1200rpm_AW__D_01,trimMA342_1200rpm_AW__D_03,validation,train,True,0.9284230162761329,38,1,1,AW__D,AW__D,TOP5_FOR_RECORD;TOP_CROSS_SPLIT;TOP_GLOBAL,SCREEN_CANDIDATE,NOT_YET_VERIFIED
trimMA342_1200rpm_A__D_10,trimMA342_1200rpm_A__D_12,train,validation,True,0.9284986086528686,39,0,0,A__D,A__D,TOP5_FOR_RECORD;TOP_CROSS_SPLIT;TOP_GLOBAL,SCREEN_CANDIDATE,NOT_YET_VERIFIED
trimMA342_1200rpm_Avv__D_01,trimMA342_1200rpm_Avv__D_11,validation,train,True,0.9296480918683699,40,3,3,Avv__D,Avv__D,TOP5_FOR_RECORD;TOP_CROSS_SPLIT;TOP_GLOBAL,SCREEN_CANDIDATE,NOT_YET_VERIFIED
trimMA342_1200rpm_Avv__Dvv_02,trimMA342_1200rpm_Avv__Dvv_11,train,validation,True,0.930123291008315,41,5,5,Avv__Dvv,Avv__Dvv,TOP5_FOR_RECORD;TOP_CROSS_SPLIT,SCREEN_CANDIDATE,NOT_YET_VERIFIED
trimMA342_1200rpm_A__DW_06,trimMA342_1200rpm_A__DW_10,validation,test,True,0.9306234203109031,42,2,2,A__DW,A__DW,TOP5_FOR_RECORD;TOP_CROSS_SPLIT,SCREEN_CANDIDATE,NOT_YET_VERIFIED
trimMA342_1200rpm_A__DW_10,trimMA342_1200rpm_A__DW_15,test,validation,True,0.9322798797528885,43,2,2,A__DW,A__DW,TOP5_FOR_RECORD;TOP_CROSS_SPLIT,SCREEN_CANDIDATE,NOT_YET_VERIFIED
trimMA342_1200rpm_AW__D_02,trimMA342_1200rpm_AW__D_09,train,validation,True,0.9332418040432661,44,1,1,AW__D,AW__D,TOP5_FOR_RECORD;TOP_CROSS_SPLIT,SCREEN_CANDIDATE,NOT_YET_VERIFIED
trimMA342_1200rpm_Avv__Dvv_10,trimMA342_1200rpm_Avv__Dvv_12,test,train,True,0.935588982425227,45,5,5,Avv__Dvv,Avv__Dvv,TOP5_FOR_RECORD;TOP_CROSS_SPLIT,SCREEN_CANDIDATE,NOT_YET_VERIFIED
trimMA342_1200rpm_Avv__Dvv_00,trimMA342_1200rpm_AW__D_12,test,train,True,0.9362974110988246,46,5,1,Avv__Dvv,AW__D,TOP5_FOR_RECORD;TOP_CROSS_SPLIT,SCREEN_CANDIDATE,NOT_YET_VERIFIED
trimMA342_1200rpm_A__Dvv_09,trimMA342_1200rpm_A__Dvv_15,train,train,False,0.9370020611912314,47,4,4,A__Dvv,A__Dvv,TOP5_FOR_RECORD,SCREEN_CANDIDATE,NOT_YET_VERIFIED
trimMA342_1200rpm_A__Dvv_06,trimMA342_1200rpm_A__Dvv_07,validation,train,True,0.93727505010763,48,4,4,A__Dvv,A__Dvv,TOP5_FOR_RECORD;TOP_CROSS_SPLIT,SCREEN_CANDIDATE,NOT_YET_VERIFIED
trimMA342_1200rpm_Avv__Dvv_00,trimMA342_1200rpm_Avv__Dvv_08,test,validation,True,0.9377181999756252,49,5,5,Avv__Dvv,Avv__Dvv,TOP5_FOR_RECORD;TOP_CROSS_SPLIT,SCREEN_CANDIDATE,NOT_YET_VERIFIED
trimMA342_1200rpm_A__DW_05,trimMA342_1200rpm_A__DW_10,train,test,True,0.9379385598185339,50,2,2,A__DW,A__DW,TOP5_FOR_RECORD;TOP_CROSS_SPLIT,SCREEN_CANDIDATE,NOT_YET_VERIFIED
trimMA342_1200rpm_AW__D_01,trimMA342_1200rpm_AW__D_06,validation,test,True,0.9391717843726345,51,1,1,AW__D,AW__D,TOP5_FOR_RECORD;TOP_CROSS_SPLIT,SCREEN_CANDIDATE,NOT_YET_VERIFIED
trimMA342_1200rpm_A__Dvv_03,trimMA342_1200rpm_A__Dvv_09,validation,train,True,0.9391808088347156,52,4,4,A__Dvv,A__Dvv,TOP5_FOR_RECORD;TOP_CROSS_SPLIT,SCREEN_CANDIDATE,NOT_YET_VERIFIED
trimMA342_1200rpm_AW__D_02,trimMA342_1200rpm_AW__D_07,train,train,False,0.939181518522756,53,1,1,AW__D,AW__D,TOP5_FOR_RECORD,SCREEN_CANDIDATE,NOT_YET_VERIFIED
trimMA342_1200rpm_A__DW_09,trimMA342_1200rpm_A__DW_14,train,train,False,0.9394405695920418,54,2,2,A__DW,A__DW,TOP5_FOR_RECORD,SCREEN_CANDIDATE,NOT_YET_VERIFIED
trimMA342_1200rpm_A__Dvv_06,trimMA342_1200rpm_AW__D_10,validation,validation,False,0.9400229004393384,55,4,1,A__Dvv,AW__D,TOP5_FOR_RECORD,SCREEN_CANDIDATE,NOT_YET_VERIFIED
trimMA342_1200rpm_A__Dvv_04,trimMA342_1200rpm_A__Dvv_06,train,validation,True,0.9418565528770607,56,4,4,A__Dvv,A__Dvv,TOP5_FOR_RECORD;TOP_CROSS_SPLIT,SCREEN_CANDIDATE,NOT_YET_VERIFIED
trimMA342_1200rpm_Avv__Dvv_12,trimMA342_1200rpm_AW__D_10,train,validation,True,0.9433208751614365,57,5,1,Avv__Dvv,AW__D,TOP5_FOR_RECORD;TOP_CROSS_SPLIT,SCREEN_CANDIDATE,NOT_YET_VERIFIED
trimMA342_1200rpm_Avv__D_03,trimMA342_1200rpm_Avv__D_06,train,test,True,0.9442258043546414,58,3,3,Avv__D,Avv__D,TOP5_FOR_RECORD;TOP_CROSS_SPLIT,SCREEN_CANDIDATE,NOT_YET_VERIFIED
trimMA342_1200rpm_A__DW_02,trimMA342_1200rpm_A__DW_05,validation,train,True,0.9445358082196319,59,2,2,A__DW,A__DW,TOP5_FOR_RECORD;TOP_CROSS_SPLIT,SCREEN_CANDIDATE,NOT_YET_VERIFIED
trimMA342_1200rpm_AW__D_10,trimMA342_1200rpm_AW__D_14,validation,train,True,0.9447185839854831,60,1,1,AW__D,AW__D,TOP5_FOR_RECORD;TOP_CROSS_SPLIT,SCREEN_CANDIDATE,NOT_YET_VERIFIED
trimMA342_1200rpm_Avv__D_03,trimMA342_1200rpm_Avv__D_09,train,validation,True,0.9454813819687038,61,3,3,Avv__D,Avv__D,TOP5_FOR_RECORD;TOP_CROSS_SPLIT,SCREEN_CANDIDATE,NOT_YET_VERIFIED
trimMA342_1200rpm_A__DW_05,trimMA342_1200rpm_A__DW_06,train,validation,True,0.9460914494744698,62,2,2,A__DW,A__DW,TOP5_FOR_RECORD;TOP_CROSS_SPLIT,SCREEN_CANDIDATE,NOT_YET_VERIFIED
trimMA342_1200rpm_A__Dvv_12,trimMA342_1200rpm_AW__D_10,train,validation,True,0.947195695423449,63,4,1,A__Dvv,AW__D,TOP5_FOR_RECORD;TOP_CROSS_SPLIT,SCREEN_CANDIDATE,NOT_YET_VERIFIED
trimMA342_1200rpm_A__Dvv_06,trimMA342_1200rpm_Avv__Dvv_00,validation,test,True,0.9494690182019367,64,4,5,A__Dvv,Avv__Dvv,TOP5_FOR_RECORD;TOP_CROSS_SPLIT,SCREEN_CANDIDATE,NOT_YET_VERIFIED
trimMA342_1200rpm_A__DW_10,trimMA342_1200rpm_A__DW_13,test,train,True,0.9495056418943043,65,2,2,A__DW,A__DW,TOP5_FOR_RECORD;TOP_CROSS_SPLIT,SCREEN_CANDIDATE,NOT_YET_VERIFIED
trimMA342_1200rpm_A__Dvv_01,trimMA342_1200rpm_Avv__Dvv_07,train,validation,True,0.9498835910480472,66,4,5,A__Dvv,Avv__Dvv,TOP5_FOR_RECORD;TOP_CROSS_SPLIT,SCREEN_CANDIDATE,NOT_YET_VERIFIED
trimMA342_1200rpm_Avv__D_07,trimMA342_1200rpm_Avv__D_11,train,train,False,0.9501138912538332,67,3,3,Avv__D,Avv__D,TOP5_FOR_RECORD,SCREEN_CANDIDATE,NOT_YET_VERIFIED
trimMA342_1200rpm_A__Dvv_13,trimMA342_1200rpm_A__Dvv_14,train,test,True,0.9501899331744417,68,4,4,A__Dvv,A__Dvv,TOP5_FOR_RECORD;TOP_CROSS_SPLIT,SCREEN_CANDIDATE,NOT_YET_VERIFIED
trimMA342_1200rpm_A__DW_04,trimMA342_1200rpm_A__DW_06,validation,validation,False,0.9515205320340087,69,2,2,A__DW,A__DW,TOP5_FOR_RECORD,SCREEN_CANDIDATE,NOT_YET_VERIFIED
trimMA342_1200rpm_AW__D_08,trimMA342_1200rpm_AW__D_15,train,validation,True,0.9528275871735957,70,1,1,AW__D,AW__D,TOP5_FOR_RECORD;TOP_CROSS_SPLIT,SCREEN_CANDIDATE,NOT_YET_VERIFIED
trimMA342_1200rpm_A__Dvv_14,trimMA342_1200rpm_Avv__D_02,test,train,True,0.9548546917845032,72,4,3,A__Dvv,Avv__D,TOP5_FOR_RECORD;TOP_CROSS_SPLIT,SCREEN_CANDIDATE,NOT_YET_VERIFIED
trimMA342_1200rpm_AW__D_03,trimMA342_1200rpm_AW__D_14,train,train,False,0.954890231616015,73,1,1,AW__D,AW__D,TOP5_FOR_RECORD,SCREEN_CANDIDATE,NOT_YET_VERIFIED
trimMA342_1200rpm_A__DW_12,trimMA342_1200rpm_A__DW_15,train,validation,True,0.954922909279384,74,2,2,A__DW,A__DW,TOP5_FOR_RECORD;TOP_CROSS_SPLIT,SCREEN_CANDIDATE,NOT_YET_VERIFIED
trimMA342_1200rpm_Avv__D_11,trimMA342_1200rpm_AW__D_10,train,validation,True,0.9550156888361679,75,3,1,Avv__D,AW__D,TOP_CROSS_SPLIT,SCREEN_CANDIDATE,NOT_YET_VERIFIED
trimMA342_1200rpm_A__Dvv_06,trimMA342_1200rpm_Avv__Dvv_10,validation,test,True,0.9553222044221226,76,4,5,A__Dvv,Avv__Dvv,TOP5_FOR_RECORD;TOP_CROSS_SPLIT,SCREEN_CANDIDATE,NOT_YET_VERIFIED
trimMA342_1200rpm_AW__D_02,trimMA342_1200rpm_AW__D_10,train,validation,True,0.9568288806278783,78,1,1,AW__D,AW__D,TOP_CROSS_SPLIT,SCREEN_CANDIDATE,NOT_YET_VERIFIED
trimMA342_1200rpm_A__DW_08,trimMA342_1200rpm_A__DW_14,train,train,False,0.9580398077778237,79,2,2,A__DW,A__DW,TOP5_FOR_RECORD,SCREEN_CANDIDATE,NOT_YET_VERIFIED
trimMA342_1200rpm_Avv__Dvv_02,trimMA342_1200rpm_Avv__Dvv_03,train,train,False,0.9581206620159625,80,5,5,Avv__Dvv,Avv__Dvv,TOP5_FOR_RECORD,SCREEN_CANDIDATE,NOT_YET_VERIFIED
trimMA342_1200rpm_A__Dvv_13,trimMA342_1200rpm_Avv__D_05,train,train,False,0.959976926746812,81,4,3,A__Dvv,Avv__D,TOP5_FOR_RECORD,SCREEN_CANDIDATE,NOT_YET_VERIFIED
trimMA342_1200rpm_Avv__Dvv_00,trimMA342_1200rpm_AW__D_06,test,test,False,0.9621099337444078,82,5,1,Avv__Dvv,AW__D,TOP5_FOR_RECORD,SCREEN_CANDIDATE,NOT_YET_VERIFIED
trimMA342_1200rpm_Avv__D_03,trimMA342_1200rpm_Avv__D_05,train,train,False,0.9621876461106782,83,3,3,Avv__D,Avv__D,TOP5_FOR_RECORD,SCREEN_CANDIDATE,NOT_YET_VERIFIED
trimMA342_1200rpm_A__Dvv_09,trimMA342_1200rpm_A__Dvv_13,train,train,False,0.9638842939615362,84,4,4,A__Dvv,A__Dvv,TOP5_FOR_RECORD,SCREEN_CANDIDATE,NOT_YET_VERIFIED
trimMA342_1200rpm_A__Dvv_09,trimMA342_1200rpm_Avv__D_03,train,train,False,0.9647631290807777,85,4,3,A__Dvv,Avv__D,TOP5_FOR_RECORD,SCREEN_CANDIDATE,NOT_YET_VERIFIED
trimMA342_1200rpm_Avv__Dvv_03,trimMA342_1200rpm_AW__D_10,train,validation,True,0.9655816421250888,86,5,1,Avv__Dvv,AW__D,TOP5_FOR_RECORD;TOP_CROSS_SPLIT,SCREEN_CANDIDATE,NOT_YET_VERIFIED
trimMA342_1200rpm_Avv__Dvv_00,trimMA342_1200rpm_AW__D_10,test,validation,True,0.9655961119937947,87,5,1,Avv__Dvv,AW__D,TOP5_FOR_RECORD;TOP_CROSS_SPLIT,SCREEN_CANDIDATE,NOT_YET_VERIFIED
trimMA342_1200rpm_A__DW_10,trimMA342_1200rpm_A__DW_12,test,train,True,0.9659908947869811,88,2,2,A__DW,A__DW,TOP5_FOR_RECORD;TOP_CROSS_SPLIT,SCREEN_CANDIDATE,NOT_YET_VERIFIED
trimMA342_1200rpm_A__Dvv_14,trimMA342_1200rpm_Avv__Dvv_12,test,train,True,0.9660765358516195,89,4,5,A__Dvv,Avv__Dvv,TOP5_FOR_RECORD;TOP_CROSS_SPLIT,SCREEN_CANDIDATE,NOT_YET_VERIFIED
trimMA342_1200rpm_AW__D_02,trimMA342_1200rpm_AW__D_15,train,validation,True,0.9665226657534309,90,1,1,AW__D,AW__D,TOP5_FOR_RECORD;TOP_CROSS_SPLIT,SCREEN_CANDIDATE,NOT_YET_VERIFIED
trimMA342_1200rpm_A__Dvv_09,trimMA342_1200rpm_AW__D_10,train,validation,True,0.9672223704610271,91,4,1,A__Dvv,AW__D,TOP_CROSS_SPLIT,SCREEN_CANDIDATE,NOT_YET_VERIFIED
trimMA342_1200rpm_A__Dvv_01,trimMA342_1200rpm_A__Dvv_06,train,validation,True,0.9675596305677622,92,4,4,A__Dvv,A__Dvv,TOP5_FOR_RECORD;TOP_CROSS_SPLIT,SCREEN_CANDIDATE,NOT_YET_VERIFIED
trimMA342_1200rpm_A__D_10,trimMA342_1200rpm_A__D_15,train,train,False,0.9687235314323043,93,0,0,A__D,A__D,TOP5_FOR_RECORD,SCREEN_CANDIDATE,NOT_YET_VERIFIED
trimMA342_1200rpm_AW__D_03,trimMA342_1200rpm_AW__D_06,train,test,True,0.9692054793108451,94,1,1,AW__D,AW__D,TOP5_FOR_RECORD;TOP_CROSS_SPLIT,SCREEN_CANDIDATE,NOT_YET_VERIFIED
trimMA342_1200rpm_Avv__Dvv_03,trimMA342_1200rpm_Avv__Dvv_10,train,test,True,0.970359578060539,95,5,5,Avv__Dvv,Avv__Dvv,TOP5_FOR_RECORD;TOP_CROSS_SPLIT,SCREEN_CANDIDATE,NOT_YET_VERIFIED
trimMA342_1200rpm_A__Dvv_13,trimMA342_1200rpm_Avv__D_11,train,train,False,0.970655528825273,96,4,3,A__Dvv,Avv__D,TOP5_FOR_RECORD,SCREEN_CANDIDATE,NOT_YET_VERIFIED
trimMA342_1200rpm_Avv__D_03,trimMA342_1200rpm_Avv__D_11,train,train,False,0.9725786357359165,97,3,3,Avv__D,Avv__D,TOP5_FOR_RECORD,SCREEN_CANDIDATE,NOT_YET_VERIFIED
trimMA342_1200rpm_A__Dvv_14,trimMA342_1200rpm_Avv__D_11,test,train,True,0.973020087309481,98,4,3,A__Dvv,Avv__D,TOP_CROSS_SPLIT,SCREEN_CANDIDATE,NOT_YET_VERIFIED
trimMA342_1200rpm_A__Dvv_07,trimMA342_1200rpm_A__Dvv_08,train,validation,True,0.973293426206507,99,4,4,A__Dvv,A__Dvv,TOP5_FOR_RECORD;TOP_CROSS_SPLIT,SCREEN_CANDIDATE,NOT_YET_VERIFIED
trimMA342_1200rpm_Avv__Dvv_00,trimMA342_1200rpm_Avv__Dvv_12,test,train,True,0.9749634091408175,100,5,5,Avv__Dvv,Avv__Dvv,TOP_CROSS_SPLIT,SCREEN_CANDIDATE,NOT_YET_VERIFIED
trimMA342_1200rpm_A__DW_04,trimMA342_1200rpm_A__DW_05,validation,train,True,0.9750782296294102,101,2,2,A__DW,A__DW,TOP5_FOR_RECORD;TOP_CROSS_SPLIT,SCREEN_CANDIDATE,NOT_YET_VERIFIED
trimMA342_1200rpm_Avv__D_02,trimMA342_1200rpm_Avv__Dvv_02,train,train,False,0.9757504118040249,102,3,5,Avv__D,Avv__Dvv,TOP5_FOR_RECORD,SCREEN_CANDIDATE,NOT_YET_VERIFIED
trimMA342_1200rpm_A__DW_06,trimMA342_1200rpm_A__DW_15,validation,validation,False,0.9762118906049064,103,2,2,A__DW,A__DW,TOP5_FOR_RECORD,SCREEN_CANDIDATE,NOT_YET_VERIFIED
trimMA342_1200rpm_Avv__Dvv_02,trimMA342_1200rpm_Avv__Dvv_14,train,test,True,0.9763456621520176,104,5,5,Avv__Dvv,Avv__Dvv,TOP5_FOR_RECORD;TOP_CROSS_SPLIT,SCREEN_CANDIDATE,NOT_YET_VERIFIED
trimMA342_1200rpm_AW__D_10,trimMA342_1200rpm_AW__D_13,validation,test,True,0.977450022239118,105,1,1,AW__D,AW__D,TOP5_FOR_RECORD;TOP_CROSS_SPLIT,SCREEN_CANDIDATE,NOT_YET_VERIFIED
trimMA342_1200rpm_A__Dvv_12,trimMA342_1200rpm_Avv__D_11,train,train,False,0.9779564310667326,106,4,3,A__Dvv,Avv__D,TOP5_FOR_RECORD,SCREEN_CANDIDATE,NOT_YET_VERIFIED
trimMA342_1200rpm_AW__D_01,trimMA342_1200rpm_AW__D_08,validation,train,True,0.9782133557361049,107,1,1,AW__D,AW__D,TOP5_FOR_RECORD;TOP_CROSS_SPLIT,SCREEN_CANDIDATE,NOT_YET_VERIFIED
trimMA342_1200rpm_A__Dvv_12,trimMA342_1200rpm_Avv__D_02,train,train,False,0.9788461208635139,108,4,3,A__Dvv,Avv__D,TOP5_FOR_RECORD,SCREEN_CANDIDATE,NOT_YET_VERIFIED
trimMA342_1200rpm_Avv__D_10,trimMA342_1200rpm_Avv__D_15,train,train,False,0.9794683247847044,109,3,3,Avv__D,Avv__D,TOP5_FOR_RECORD,SCREEN_CANDIDATE,NOT_YET_VERIFIED
trimMA342_1200rpm_AW__D_10,trimMA342_1200rpm_AW__D_12,validation,train,True,0.9797495351412538,110,1,1,AW__D,AW__D,TOP5_FOR_RECORD;TOP_CROSS_SPLIT,SCREEN_CANDIDATE,NOT_YET_VERIFIED
trimMA342_1200rpm_A__Dvv_14,trimMA342_1200rpm_Avv__D_04,test,validation,True,0.9798782722422035,111,4,3,A__Dvv,Avv__D,TOP5_FOR_RECORD;TOP_CROSS_SPLIT,SCREEN_CANDIDATE,NOT_YET_VERIFIED
trimMA342_1200rpm_AW__D_08,trimMA342_1200rpm_AW__D_09,train,validation,True,0.9806653230231671,112,1,1,AW__D,AW__D,TOP5_FOR_RECORD;TOP_CROSS_SPLIT,SCREEN_CANDIDATE,NOT_YET_VERIFIED
trimMA342_1200rpm_A__Dvv_06,trimMA342_1200rpm_AW__D_12,validation,train,True,0.9811979211291281,113,4,1,A__Dvv,AW__D,TOP5_FOR_RECORD;TOP_CROSS_SPLIT,SCREEN_CANDIDATE,NOT_YET_VERIFIED
trimMA342_1200rpm_A__DW_14,trimMA342_1200rpm_A__DW_15,train,validation,True,0.9813304703013807,114,2,2,A__DW,A__DW,TOP5_FOR_RECORD;TOP_CROSS_SPLIT,SCREEN_CANDIDATE,NOT_YET_VERIFIED
trimMA342_1200rpm_A__Dvv_05,trimMA342_1200rpm_A__Dvv_06,train,validation,True,0.9814064639603649,115,4,4,A__Dvv,A__Dvv,TOP5_FOR_RECORD;TOP_CROSS_SPLIT,SCREEN_CANDIDATE,NOT_YET_VERIFIED
trimMA342_1200rpm_Avv__D_03,trimMA342_1200rpm_Avv__D_04,train,validation,True,0.9815075791830324,116,3,3,Avv__D,Avv__D,TOP5_FOR_RECORD;TOP_CROSS_SPLIT,SCREEN_CANDIDATE,NOT_YET_VERIFIED
trimMA342_1200rpm_A__D_08,trimMA342_1200rpm_A__D_12,test,validation,True,0.9820450251387336,117,0,0,A__D,A__D,TOP5_FOR_RECORD;TOP_CROSS_SPLIT,SCREEN_CANDIDATE,NOT_YET_VERIFIED
trimMA342_1200rpm_A__Dvv_13,trimMA342_1200rpm_Avv__D_04,train,validation,True,0.9829548249275495,119,4,3,A__Dvv,Avv__D,TOP5_FOR_RECORD,SCREEN_CANDIDATE,NOT_YET_VERIFIED
trimMA342_1200rpm_AW__D_06,trimMA342_1200rpm_AW__D_10,test,validation,True,0.9831495464786443,120,1,1,AW__D,AW__D,TOP5_FOR_RECORD,SCREEN_CANDIDATE,NOT_YET_VERIFIED
trimMA342_1200rpm_A__D_12,trimMA342_1200rpm_A__D_14,validation,test,True,0.9839686173413447,122,0,0,A__D,A__D,TOP5_FOR_RECORD,SCREEN_CANDIDATE,NOT_YET_VERIFIED
trimMA342_1200rpm_AW__D_03,trimMA342_1200rpm_AW__D_15,train,validation,True,0.9849282879030223,123,1,1,AW__D,AW__D,TOP5_FOR_RECORD,SCREEN_CANDIDATE,NOT_YET_VERIFIED
trimMA342_1200rpm_A__Dvv_06,trimMA342_1200rpm_Avv__Dvv_08,validation,validation,False,0.9858706707900181,124,4,5,A__Dvv,Avv__Dvv,TOP5_FOR_RECORD,SCREEN_CANDIDATE,NOT_YET_VERIFIED
trimMA342_1200rpm_A__Dvv_03,trimMA342_1200rpm_Avv__Dvv_12,validation,train,True,0.9865874622158213,125,4,5,A__Dvv,Avv__Dvv,TOP5_FOR_RECORD,SCREEN_CANDIDATE,NOT_YET_VERIFIED
trimMA342_1200rpm_A__DW_09,trimMA342_1200rpm_A__DW_10,train,test,True,0.9868199608977424,126,2,2,A__DW,A__DW,TOP5_FOR_RECORD,SCREEN_CANDIDATE,NOT_YET_VERIFIED
trimMA342_1200rpm_AW__D_11,trimMA342_1200rpm_AW__D_15,test,validation,True,0.9876502676051625,128,1,1,AW__D,AW__D,TOP5_FOR_RECORD,SCREEN_CANDIDATE,NOT_YET_VERIFIED
trimMA342_1200rpm_Avv__Dvv_05,trimMA342_1200rpm_Avv__Dvv_12,train,train,False,0.988268846466642,129,5,5,Avv__Dvv,Avv__Dvv,TOP5_FOR_RECORD,SCREEN_CANDIDATE,NOT_YET_VERIFIED
trimMA342_1200rpm_A__Dvv_08,trimMA342_1200rpm_Avv__D_10,validation,train,True,0.9892987356331377,130,4,3,A__Dvv,Avv__D,TOP5_FOR_RECORD,SCREEN_CANDIDATE,NOT_YET_VERIFIED
trimMA342_1200rpm_A__D_11,trimMA342_1200rpm_A__D_15,train,train,False,0.9898970156534144,131,0,0,A__D,A__D,TOP5_FOR_RECORD,SCREEN_CANDIDATE,NOT_YET_VERIFIED
trimMA342_1200rpm_A__Dvv_01,trimMA342_1200rpm_A__Dvv_07,train,train,False,0.9901471534302428,132,4,4,A__Dvv,A__Dvv,TOP5_FOR_RECORD,SCREEN_CANDIDATE,NOT_YET_VERIFIED
trimMA342_1200rpm_AW__D_03,trimMA342_1200rpm_AW__D_08,train,train,False,0.9903668737395382,133,1,1,AW__D,AW__D,TOP5_FOR_RECORD,SCREEN_CANDIDATE,NOT_YET_VERIFIED
trimMA342_1200rpm_A__DW_12,trimMA342_1200rpm_A__DW_14,train,train,False,0.9920299119756405,134,2,2,A__DW,A__DW,TOP5_FOR_RECORD,SCREEN_CANDIDATE,NOT_YET_VERIFIED
trimMA342_1200rpm_A__DW_00,trimMA342_1200rpm_A__DW_02,train,validation,True,0.9923422632787295,135,2,2,A__DW,A__DW,TOP5_FOR_RECORD,SCREEN_CANDIDATE,NOT_YET_VERIFIED
trimMA342_1200rpm_A__DW_12,trimMA342_1200rpm_A__DW_13,train,train,False,0.9923665592481533,136,2,2,A__DW,A__DW,TOP5_FOR_RECORD,SCREEN_CANDIDATE,NOT_YET_VERIFIED
trimMA342_1200rpm_Avv__Dvv_03,trimMA342_1200rpm_AW__D_07,train,train,False,0.9933083319703423,137,5,1,Avv__Dvv,AW__D,TOP5_FOR_RECORD,SCREEN_CANDIDATE,NOT_YET_VERIFIED
trimMA342_1200rpm_A__DW_11,trimMA342_1200rpm_A__DW_15,train,validation,True,0.9934729869928273,138,2,2,A__DW,A__DW,TOP5_FOR_RECORD,SCREEN_CANDIDATE,NOT_YET_VERIFIED
trimMA342_1200rpm_A__Dvv_10,trimMA342_1200rpm_Avv__Dvv_12,test,train,True,0.9941641334102438,139,4,5,A__Dvv,Avv__Dvv,TOP5_FOR_RECORD,SCREEN_CANDIDATE,NOT_YET_VERIFIED
trimMA342_1200rpm_A__Dvv_07,trimMA342_1200rpm_A__Dvv_09,train,train,False,0.995880210555736,140,4,4,A__Dvv,A__Dvv,TOP5_FOR_RECORD,SCREEN_CANDIDATE,NOT_YET_VERIFIED
trimMA342_1200rpm_A__Dvv_05,trimMA342_1200rpm_A__Dvv_07,train,train,False,0.996040747026398,141,4,4,A__Dvv,A__Dvv,TOP5_FOR_RECORD,SCREEN_CANDIDATE,NOT_YET_VERIFIED
trimMA342_1200rpm_A__Dvv_14,trimMA342_1200rpm_Avv__D_06,test,test,False,0.9969986383876552,142,4,3,A__Dvv,Avv__D,TOP5_FOR_RECORD,SCREEN_CANDIDATE,NOT_YET_VERIFIED
trimMA342_1200rpm_A__Dvv_15,trimMA342_1200rpm_Avv__D_11,train,train,False,0.9974312190273387,143,4,3,A__Dvv,Avv__D,TOP5_FOR_RECORD,SCREEN_CANDIDATE,NOT_YET_VERIFIED
trimMA342_1200rpm_A__D_07,trimMA342_1200rpm_A__D_08,train,test,True,1.00001636419721,146,0,0,A__D,A__D,TOP5_FOR_RECORD,SCREEN_CANDIDATE,NOT_YET_VERIFIED
trimMA342_1200rpm_A__Dvv_01,trimMA342_1200rpm_A__Dvv_09,train,train,False,1.0001094360277127,147,4,4,A__Dvv,A__Dvv,TOP5_FOR_RECORD,SCREEN_CANDIDATE,NOT_YET_VERIFIED
trimMA342_1200rpm_A__D_08,trimMA342_1200rpm_A__D_11,test,train,True,1.0015533227319042,148,0,0,A__D,A__D,TOP5_FOR_RECORD,SCREEN_CANDIDATE,NOT_YET_VERIFIED
trimMA342_1200rpm_Avv__Dvv_10,trimMA342_1200rpm_Avv__Dvv_11,test,validation,True,1.0021915458563138,149,5,5,Avv__Dvv,Avv__Dvv,TOP5_FOR_RECORD,SCREEN_CANDIDATE,NOT_YET_VERIFIED
trimMA342_1200rpm_A__DW_05,trimMA342_1200rpm_A__DW_15,train,validation,True,1.0027550318933465,150,2,2,A__DW,A__DW,TOP5_FOR_RECORD,SCREEN_CANDIDATE,NOT_YET_VERIFIED
trimMA342_1200rpm_A__Dvv_09,trimMA342_1200rpm_A__Dvv_11,train,validation,True,1.004120118189364,151,4,4,A__Dvv,A__Dvv,TOP5_FOR_RECORD,SCREEN_CANDIDATE,NOT_YET_VERIFIED
trimMA342_1200rpm_A__Dvv_06,trimMA342_1200rpm_Avv__D_09,validation,validation,False,1.004899845481293,152,4,3,A__Dvv,Avv__D,TOP5_FOR_RECORD,SCREEN_CANDIDATE,NOT_YET_VERIFIED
trimMA342_1200rpm_A__Dvv_02,trimMA342_1200rpm_Avv__D_11,test,train,True,1.0054778462308849,153,4,3,A__Dvv,Avv__D,TOP5_FOR_RECORD,SCREEN_CANDIDATE,NOT_YET_VERIFIED
trimMA342_1200rpm_Avv__D_11,trimMA342_1200rpm_Avv__Dvv_15,train,train,False,1.0055837638954577,154,3,5,Avv__D,Avv__Dvv,TOP5_FOR_RECORD,SCREEN_CANDIDATE,NOT_YET_VERIFIED
trimMA342_1200rpm_A__D_08,trimMA342_1200rpm_A__D_15,test,train,True,1.0057662396112668,155,0,0,A__D,A__D,TOP5_FOR_RECORD,SCREEN_CANDIDATE,NOT_YET_VERIFIED
trimMA342_1200rpm_A__Dvv_15,trimMA342_1200rpm_Avv__D_03,train,train,False,1.0070448773870315,157,4,3,A__Dvv,Avv__D,TOP5_FOR_RECORD,SCREEN_CANDIDATE,NOT_YET_VERIFIED
trimMA342_1200rpm_A__D_08,trimMA342_1200rpm_A__D_14,test,test,False,1.0070627306226725,158,0,0,A__D,A__D,TOP5_FOR_RECORD,SCREEN_CANDIDATE,NOT_YET_VERIFIED
trimMA342_1200rpm_AW__D_01,trimMA342_1200rpm_AW__D_15,validation,validation,False,1.0079277398329742,159,1,1,AW__D,AW__D,TOP5_FOR_RECORD,SCREEN_CANDIDATE,NOT_YET_VERIFIED
trimMA342_1200rpm_A__Dvv_09,trimMA342_1200rpm_Avv__D_09,train,validation,True,1.0079642136453244,160,4,3,A__Dvv,Avv__D,TOP5_FOR_RECORD,SCREEN_CANDIDATE,NOT_YET_VERIFIED
trimMA342_1200rpm_A__Dvv_05,trimMA342_1200rpm_Avv__Dvv_08,train,validation,True,1.0080953740049206,161,4,5,A__Dvv,Avv__Dvv,TOP5_FOR_RECORD,SCREEN_CANDIDATE,NOT_YET_VERIFIED
trimMA342_1200rpm_AW__D_14,trimMA342_1200rpm_AW__D_15,train,validation,True,1.009108153905857,162,1,1,AW__D,AW__D,TOP5_FOR_RECORD,SCREEN_CANDIDATE,NOT_YET_VERIFIED
trimMA342_1200rpm_AW__D_05,trimMA342_1200rpm_AW__D_08,test,train,True,1.0097023251442736,163,1,1,AW__D,AW__D,TOP5_FOR_RECORD,SCREEN_CANDIDATE,NOT_YET_VERIFIED
trimMA342_1200rpm_A__Dvv_03,trimMA342_1200rpm_A__Dvv_13,validation,train,True,1.009839379345499,164,4,4,A__Dvv,A__Dvv,TOP5_FOR_RECORD,SCREEN_CANDIDATE,NOT_YET_VERIFIED
trimMA342_1200rpm_AW__D_08,trimMA342_1200rpm_AW__D_14,train,train,False,1.0112445516035011,166,1,1,AW__D,AW__D,TOP5_FOR_RECORD,SCREEN_CANDIDATE,NOT_YET_VERIFIED
trimMA342_1200rpm_AW__D_12,trimMA342_1200rpm_AW__D_14,train,train,False,1.0118925417706208,168,1,1,AW__D,AW__D,TOP5_FOR_RECORD,SCREEN_CANDIDATE,NOT_YET_VERIFIED
trimMA342_1200rpm_A__Dvv_13,trimMA342_1200rpm_Avv__D_06,train,test,True,1.0130354371887906,171,4,3,A__Dvv,Avv__D,TOP5_FOR_RECORD,SCREEN_CANDIDATE,NOT_YET_VERIFIED
trimMA342_1200rpm_A__Dvv_15,trimMA342_1200rpm_Avv__Dvv_12,train,train,False,1.0137123641763153,172,4,5,A__Dvv,Avv__Dvv,TOP5_FOR_RECORD,SCREEN_CANDIDATE,NOT_YET_VERIFIED
trimMA342_1200rpm_A__Dvv_02,trimMA342_1200rpm_A__Dvv_06,test,validation,True,1.0138490870307817,173,4,4,A__Dvv,A__Dvv,TOP5_FOR_RECORD,SCREEN_CANDIDATE,NOT_YET_VERIFIED
trimMA342_1200rpm_Avv__Dvv_10,trimMA342_1200rpm_AW__D_14,test,train,True,1.014229464713855,174,5,1,Avv__Dvv,AW__D,TOP5_FOR_RECORD,SCREEN_CANDIDATE,NOT_YET_VERIFIED
trimMA342_1200rpm_A__DW_03,trimMA342_1200rpm_A__DW_04,test,validation,True,1.0146701354817762,175,2,2,A__DW,A__DW,TOP5_FOR_RECORD,SCREEN_CANDIDATE,NOT_YET_VERIFIED
trimMA342_1200rpm_Avv__Dvv_02,trimMA342_1200rpm_Avv__Dvv_15,train,train,False,1.0161810187927505,176,5,5,Avv__Dvv,Avv__Dvv,TOP5_FOR_RECORD,SCREEN_CANDIDATE,NOT_YET_VERIFIED
trimMA342_1200rpm_Avv__D_06,trimMA342_1200rpm_Avv__D_09,test,validation,True,1.0172987872666746,177,3,3,Avv__D,Avv__D,TOP5_FOR_RECORD,SCREEN_CANDIDATE,NOT_YET_VERIFIED
trimMA342_1200rpm_A__Dvv_06,trimMA342_1200rpm_Avv__Dvv_07,validation,validation,False,1.0174599073084032,179,4,5,A__Dvv,Avv__Dvv,TOP5_FOR_RECORD,SCREEN_CANDIDATE,NOT_YET_VERIFIED
trimMA342_1200rpm_Avv__D_09,trimMA342_1200rpm_Avv__Dvv_00,validation,test,True,1.0175776916218497,180,3,5,Avv__D,Avv__Dvv,TOP5_FOR_RECORD,SCREEN_CANDIDATE,NOT_YET_VERIFIED
trimMA342_1200rpm_Avv__Dvv_11,trimMA342_1200rpm_AW__D_10,validation,validation,False,1.0180864748825407,181,5,1,Avv__Dvv,AW__D,TOP5_FOR_RECORD,SCREEN_CANDIDATE,NOT_YET_VERIFIED
trimMA342_1200rpm_A__DW_05,trimMA342_1200rpm_A__DW_08,train,train,False,1.0186144876974141,183,2,2,A__DW,A__DW,TOP5_FOR_RECORD,SCREEN_CANDIDATE,NOT_YET_VERIFIED
trimMA342_1200rpm_Avv__Dvv_05,trimMA342_1200rpm_Avv__Dvv_11,train,validation,True,1.0187769233912594,184,5,5,Avv__Dvv,Avv__Dvv,TOP5_FOR_RECORD,SCREEN_CANDIDATE,NOT_YET_VERIFIED
trimMA342_1200rpm_A__D_08,trimMA342_1200rpm_A__D_10,test,train,True,1.0190067281697903,185,0,0,A__D,A__D,TOP5_FOR_RECORD,SCREEN_CANDIDATE,NOT_YET_VERIFIED
trimMA342_1200rpm_A__Dvv_04,trimMA342_1200rpm_Avv__Dvv_10,train,test,True,1.0198811435652464,187,4,5,A__Dvv,Avv__Dvv,TOP5_FOR_RECORD,SCREEN_CANDIDATE,NOT_YET_VERIFIED
trimMA342_1200rpm_A__D_09,trimMA342_1200rpm_A__D_13,train,test,True,1.0201583430944923,188,0,0,A__D,A__D,TOP5_FOR_RECORD,SCREEN_CANDIDATE,NOT_YET_VERIFIED
trimMA342_1200rpm_Avv__D_02,trimMA342_1200rpm_Avv__D_10,train,train,False,1.0204765990449778,192,3,3,Avv__D,Avv__D,TOP5_FOR_RECORD,SCREEN_CANDIDATE,NOT_YET_VERIFIED
trimMA342_1200rpm_A__Dvv_05,trimMA342_1200rpm_Avv__Dvv_03,train,train,False,1.0205489614122263,193,4,5,A__Dvv,Avv__Dvv,TOP5_FOR_RECORD,SCREEN_CANDIDATE,NOT_YET_VERIFIED
trimMA342_1200rpm_Avv__Dvv_13,trimMA342_1200rpm_Avv__Dvv_14,train,test,True,1.0206838015145883,194,5,5,Avv__Dvv,Avv__Dvv,TOP5_FOR_RECORD,SCREEN_CANDIDATE,NOT_YET_VERIFIED
trimMA342_1200rpm_A__DW_05,trimMA342_1200rpm_A__DW_13,train,train,False,1.0210190236646122,196,2,2,A__DW,A__DW,TOP5_FOR_RECORD,SCREEN_CANDIDATE,NOT_YET_VERIFIED
trimMA342_1200rpm_Avv__Dvv_12,trimMA342_1200rpm_AW__D_07,train,train,False,1.021214722918968,197,5,1,Avv__Dvv,AW__D,TOP5_FOR_RECORD,SCREEN_CANDIDATE,NOT_YET_VERIFIED
trimMA342_1200rpm_AW__D_07,trimMA342_1200rpm_AW__D_09,train,validation,True,1.0213627684355786,198,1,1,AW__D,AW__D,TOP5_FOR_RECORD,SCREEN_CANDIDATE,NOT_YET_VERIFIED
trimMA342_1200rpm_A__Dvv_11,trimMA342_1200rpm_A__Dvv_13,validation,train,True,1.0214425258106277,199,4,4,A__Dvv,A__Dvv,TOP5_FOR_RECORD,SCREEN_CANDIDATE,NOT_YET_VERIFIED
trimMA342_1200rpm_AW__D_05,trimMA342_1200rpm_AW__D_15,test,validation,True,1.021629274863212,200,1,1,AW__D,AW__D,TOP5_FOR_RECORD,SCREEN_CANDIDATE,NOT_YET_VERIFIED
trimMA342_1200rpm_Avv__D_11,trimMA342_1200rpm_Avv__Dvv_14,train,test,True,1.0218563071007183,201,3,5,Avv__D,Avv__Dvv,TOP5_FOR_RECORD,SCREEN_CANDIDATE,NOT_YET_VERIFIED
trimMA342_1200rpm_A__Dvv_02,trimMA342_1200rpm_A__Dvv_03,test,validation,True,1.022449579303803,202,4,4,A__Dvv,A__Dvv,TOP5_FOR_RECORD,SCREEN_CANDIDATE,NOT_YET_VERIFIED
trimMA342_1200rpm_A__DW_01,trimMA342_1200rpm_A__DW_02,test,validation,True,1.0233224626898154,204,2,2,A__DW,A__DW,TOP5_FOR_RECORD,SCREEN_CANDIDATE,NOT_YET_VERIFIED
trimMA342_1200rpm_A__Dvv_02,trimMA342_1200rpm_Avv__Dvv_10,test,test,False,1.0237073357391915,206,4,5,A__Dvv,Avv__Dvv,TOP5_FOR_RECORD,SCREEN_CANDIDATE,NOT_YET_VERIFIED
trimMA342_1200rpm_AW__D_04,trimMA342_1200rpm_AW__D_05,train,test,True,1.0240017876612808,208,1,1,AW__D,AW__D,TOP5_FOR_RECORD,SCREEN_CANDIDATE,NOT_YET_VERIFIED
trimMA342_1200rpm_A__Dvv_05,trimMA342_1200rpm_Avv__D_11,train,train,False,1.0247646867283282,211,4,3,A__Dvv,Avv__D,TOP5_FOR_RECORD,SCREEN_CANDIDATE,NOT_YET_VERIFIED
trimMA342_1200rpm_A__DW_04,trimMA342_1200rpm_A__DW_10,validation,test,True,1.0251215704820154,212,2,2,A__DW,A__DW,TOP5_FOR_RECORD,SCREEN_CANDIDATE,NOT_YET_VERIFIED
trimMA342_1200rpm_A__DW_06,trimMA342_1200rpm_A__DW_07,validation,test,True,1.0264094798218293,213,2,2,A__DW,A__DW,TOP5_FOR_RECORD,SCREEN_CANDIDATE,NOT_YET_VERIFIED
trimMA342_1200rpm_Avv__Dvv_11,trimMA342_1200rpm_Avv__Dvv_14,validation,test,True,1.0284592442929292,218,5,5,Avv__Dvv,Avv__Dvv,TOP5_FOR_RECORD,SCREEN_CANDIDATE,NOT_YET_VERIFIED
trimMA342_1200rpm_A__Dvv_06,trimMA342_1200rpm_Avv__D_12,validation,test,True,1.028620223324256,219,4,3,A__Dvv,Avv__D,TOP5_FOR_RECORD,SCREEN_CANDIDATE,NOT_YET_VERIFIED
trimMA342_1200rpm_AW__D_02,trimMA342_1200rpm_AW__D_05,train,test,True,1.0286780072962176,220,1,1,AW__D,AW__D,TOP5_FOR_RECORD,SCREEN_CANDIDATE,NOT_YET_VERIFIED
trimMA342_1200rpm_A__Dvv_02,trimMA342_1200rpm_Avv__Dvv_12,test,train,True,1.0288681747564117,221,4,5,A__Dvv,Avv__Dvv,TOP5_FOR_RECORD,SCREEN_CANDIDATE,NOT_YET_VERIFIED
trimMA342_1200rpm_Avv__Dvv_05,trimMA342_1200rpm_Avv__Dvv_06,train,test,True,1.028962346699821,222,5,5,Avv__Dvv,Avv__Dvv,TOP5_FOR_RECORD,SCREEN_CANDIDATE,NOT_YET_VERIFIED
trimMA342_1200rpm_Avv__D_05,trimMA342_1200rpm_Avv__D_09,train,validation,True,1.029632783903682,225,3,3,Avv__D,Avv__D,TOP5_FOR_RECORD,SCREEN_CANDIDATE,NOT_YET_VERIFIED
trimMA342_1200rpm_A__D_10,trimMA342_1200rpm_A__D_11,train,train,False,1.0303345649099718,227,0,0,A__D,A__D,TOP5_FOR_RECORD,SCREEN_CANDIDATE,NOT_YET_VERIFIED
trimMA342_1200rpm_A__DW_09,trimMA342_1200rpm_A__DW_13,train,train,False,1.031121263678509,231,2,2,A__DW,A__DW,TOP5_FOR_RECORD,SCREEN_CANDIDATE,NOT_YET_VERIFIED
trimMA342_1200rpm_A__Dvv_04,trimMA342_1200rpm_A__Dvv_05,train,train,False,1.0314816820253345,235,4,4,A__Dvv,A__Dvv,TOP5_FOR_RECORD,SCREEN_CANDIDATE,NOT_YET_VERIFIED
trimMA342_1200rpm_A__Dvv_06,trimMA342_1200rpm_Avv__Dvv_05,validation,train,True,1.032495383305383,237,4,5,A__Dvv,Avv__Dvv,TOP5_FOR_RECORD,SCREEN_CANDIDATE,NOT_YET_VERIFIED
trimMA342_1200rpm_A__Dvv_05,trimMA342_1200rpm_Avv__D_01,train,validation,True,1.032550085896559,238,4,3,A__Dvv,Avv__D,TOP5_FOR_RECORD,SCREEN_CANDIDATE,NOT_YET_VERIFIED
trimMA342_1200rpm_Avv__D_02,trimMA342_1200rpm_Avv__D_15,train,train,False,1.032647151674608,239,3,3,Avv__D,Avv__D,TOP5_FOR_RECORD,SCREEN_CANDIDATE,NOT_YET_VERIFIED
trimMA342_1200rpm_Avv__D_09,trimMA342_1200rpm_Avv__Dvv_14,validation,test,True,1.0330076723004498,240,3,5,Avv__D,Avv__Dvv,TOP5_FOR_RECORD,SCREEN_CANDIDATE,NOT_YET_VERIFIED
trimMA342_1200rpm_AW__D_09,trimMA342_1200rpm_AW__D_15,validation,validation,False,1.033013017466336,241,1,1,AW__D,AW__D,TOP5_FOR_RECORD,SCREEN_CANDIDATE,NOT_YET_VERIFIED
trimMA342_1200rpm_A__DW_06,trimMA342_1200rpm_A__DW_08,validation,train,True,1.0340400171402437,246,2,2,A__DW,A__DW,TOP5_FOR_RECORD,SCREEN_CANDIDATE,NOT_YET_VERIFIED
trimMA342_1200rpm_A__Dvv_04,trimMA342_1200rpm_Avv__D_11,train,train,False,1.0342734265283955,247,4,3,A__Dvv,Avv__D,TOP5_FOR_RECORD,SCREEN_CANDIDATE,NOT_YET_VERIFIED
trimMA342_1200rpm_AW__D_00,trimMA342_1200rpm_AW__D_02,train,train,False,1.035152997063415,248,1,1,AW__D,AW__D,TOP5_FOR_RECORD,SCREEN_CANDIDATE,NOT_YET_VERIFIED
trimMA342_1200rpm_A__Dvv_08,trimMA342_1200rpm_Avv__D_02,validation,train,True,1.0354011503856766,251,4,3,A__Dvv,Avv__D,TOP5_FOR_RECORD,SCREEN_CANDIDATE,NOT_YET_VERIFIED
trimMA342_1200rpm_Avv__Dvv_07,trimMA342_1200rpm_Avv__Dvv_12,validation,train,True,1.0356515425480317,253,5,5,Avv__Dvv,Avv__Dvv,TOP5_FOR_RECORD,SCREEN_CANDIDATE,NOT_YET_VERIFIED
trimMA342_1200rpm_A__DW_03,trimMA342_1200rpm_A__DW_06,test,validation,True,1.0359740796021255,254,2,2,A__DW,A__DW,TOP5_FOR_RECORD,SCREEN_CANDIDATE,NOT_YET_VERIFIED
trimMA342_1200rpm_A__D_07,trimMA342_1200rpm_A__D_10,train,train,False,1.0361832990109487,255,0,0,A__D,A__D,TOP5_FOR_RECORD,SCREEN_CANDIDATE,NOT_YET_VERIFIED
trimMA342_1200rpm_A__DW_09,trimMA342_1200rpm_A__DW_15,train,validation,True,1.036419254173585,257,2,2,A__DW,A__DW,TOP5_FOR_RECORD,SCREEN_CANDIDATE,NOT_YET_VERIFIED
trimMA342_1200rpm_A__Dvv_15,trimMA342_1200rpm_Avv__Dvv_07,train,validation,True,1.0370240919642817,260,4,5,A__Dvv,Avv__Dvv,TOP5_FOR_RECORD,SCREEN_CANDIDATE,NOT_YET_VERIFIED
trimMA342_1200rpm_A__Dvv_06,trimMA342_1200rpm_A__Dvv_10,validation,test,True,1.0370640989281665,261,4,4,A__Dvv,A__Dvv,TOP5_FOR_RECORD,SCREEN_CANDIDATE,NOT_YET_VERIFIED
trimMA342_1200rpm_A__Dvv_10,trimMA342_1200rpm_Avv__Dvv_07,test,validation,True,1.0374624474719927,262,4,5,A__Dvv,Avv__Dvv,TOP5_FOR_RECORD,SCREEN_CANDIDATE,NOT_YET_VERIFIED
trimMA342_1200rpm_AW__D_06,trimMA342_1200rpm_AW__D_13,test,test,False,1.0384457228649036,264,1,1,AW__D,AW__D,TOP5_FOR_RECORD,SCREEN_CANDIDATE,NOT_YET_VERIFIED
trimMA342_1200rpm_A__D_09,trimMA342_1200rpm_A__D_14,train,test,True,1.0408534267326015,272,0,0,A__D,A__D,TOP5_FOR_RECORD,SCREEN_CANDIDATE,NOT_YET_VERIFIED
trimMA342_1200rpm_A__Dvv_08,trimMA342_1200rpm_Avv__D_15,validation,train,True,1.0411482864350676,273,4,3,A__Dvv,Avv__D,TOP5_FOR_RECORD,SCREEN_CANDIDATE,NOT_YET_VERIFIED
trimMA342_1200rpm_A__DW_03,trimMA342_1200rpm_A__DW_05,test,train,True,1.0415409335556323,275,2,2,A__DW,A__DW,TOP5_FOR_RECORD,SCREEN_CANDIDATE,NOT_YET_VERIFIED
trimMA342_1200rpm_A__Dvv_14,trimMA342_1200rpm_Avv__D_05,test,train,True,1.0419322355837213,277,4,3,A__Dvv,Avv__D,TOP5_FOR_RECORD,SCREEN_CANDIDATE,NOT_YET_VERIFIED
trimMA342_1200rpm_Avv__Dvv_05,trimMA342_1200rpm_Avv__Dvv_10,train,test,True,1.0421669930220692,279,5,5,Avv__Dvv,Avv__Dvv,TOP5_FOR_RECORD,SCREEN_CANDIDATE,NOT_YET_VERIFIED
trimMA342_1200rpm_Avv__Dvv_04,trimMA342_1200rpm_Avv__Dvv_11,train,validation,True,1.0425786094228215,280,5,5,Avv__Dvv,Avv__Dvv,TOP5_FOR_RECORD,SCREEN_CANDIDATE,NOT_YET_VERIFIED
trimMA342_1200rpm_Avv__Dvv_08,trimMA342_1200rpm_AW__D_10,validation,validation,False,1.0429763365141318,283,5,1,Avv__Dvv,AW__D,TOP5_FOR_RECORD,SCREEN_CANDIDATE,NOT_YET_VERIFIED
trimMA342_1200rpm_Avv__Dvv_06,trimMA342_1200rpm_Avv__Dvv_11,test,validation,True,1.0433344601685333,285,5,5,Avv__Dvv,Avv__Dvv,TOP5_FOR_RECORD,SCREEN_CANDIDATE,NOT_YET_VERIFIED
trimMA342_1200rpm_A__Dvv_04,trimMA342_1200rpm_A__Dvv_07,train,train,False,1.043395757487813,286,4,4,A__Dvv,A__Dvv,TOP5_FOR_RECORD,SCREEN_CANDIDATE,NOT_YET_VERIFIED
trimMA342_1200rpm_AW__D_03,trimMA342_1200rpm_AW__D_09,train,validation,True,1.0435355609822,288,1,1,AW__D,AW__D,TOP5_FOR_RECORD,SCREEN_CANDIDATE,NOT_YET_VERIFIED
trimMA342_1200rpm_AW__D_01,trimMA342_1200rpm_AW__D_04,validation,train,True,1.0437097751968312,289,1,1,AW__D,AW__D,TOP5_FOR_RECORD,SCREEN_CANDIDATE,NOT_YET_VERIFIED
trimMA342_1200rpm_A__Dvv_07,trimMA342_1200rpm_A__Dvv_10,train,test,True,1.0448005810572485,290,4,4,A__Dvv,A__Dvv,TOP5_FOR_RECORD,SCREEN_CANDIDATE,NOT_YET_VERIFIED
trimMA342_1200rpm_A__Dvv_06,trimMA342_1200rpm_Avv__D_01,validation,validation,False,1.0451283027023148,291,4,3,A__Dvv,Avv__D,TOP5_FOR_RECORD,SCREEN_CANDIDATE,NOT_YET_VERIFIED
trimMA342_1200rpm_Avv__D_06,trimMA342_1200rpm_Avv__D_11,test,train,True,1.0458475530014248,293,3,3,Avv__D,Avv__D,TOP5_FOR_RECORD,SCREEN_CANDIDATE,NOT_YET_VERIFIED
trimMA342_1200rpm_A__Dvv_06,trimMA342_1200rpm_Avv__D_07,validation,train,True,1.0458988651728232,294,4,3,A__Dvv,Avv__D,TOP5_FOR_RECORD,SCREEN_CANDIDATE,NOT_YET_VERIFIED
trimMA342_1200rpm_A__DW_08,trimMA342_1200rpm_A__DW_13,train,train,False,1.0462721641140649,295,2,2,A__DW,A__DW,TOP5_FOR_RECORD,SCREEN_CANDIDATE,NOT_YET_VERIFIED
trimMA342_1200rpm_Avv__D_13,trimMA342_1200rpm_Avv__Dvv_08,test,validation,True,1.0488081537561993,300,3,5,Avv__D,Avv__Dvv,TOP5_FOR_RECORD,SCREEN_CANDIDATE,NOT_YET_VERIFIED
trimMA342_1200rpm_A__Dvv_05,trimMA342_1200rpm_A__Dvv_11,train,validation,True,1.0505883473153812,305,4,4,A__Dvv,A__Dvv,TOP5_FOR_RECORD,SCREEN_CANDIDATE,NOT_YET_VERIFIED
trimMA342_1200rpm_AW__D_11,trimMA342_1200rpm_AW__D_12,test,train,True,1.0549422452255839,316,1,1,AW__D,AW__D,TOP5_FOR_RECORD,SCREEN_CANDIDATE,NOT_YET_VERIFIED
trimMA342_1200rpm_A__DW_06,trimMA342_1200rpm_A__DW_09,validation,train,True,1.0553385730317464,317,2,2,A__DW,A__DW,TOP5_FOR_RECORD,SCREEN_CANDIDATE,NOT_YET_VERIFIED
trimMA342_1200rpm_A__DW_03,trimMA342_1200rpm_A__DW_14,test,train,True,1.0553435860178055,318,2,2,A__DW,A__DW,TOP5_FOR_RECORD,SCREEN_CANDIDATE,NOT_YET_VERIFIED
trimMA342_1200rpm_A__Dvv_10,trimMA342_1200rpm_Avv__D_11,test,train,True,1.0576268539055158,328,4,3,A__Dvv,Avv__D,TOP5_FOR_RECORD,SCREEN_CANDIDATE,NOT_YET_VERIFIED
trimMA342_1200rpm_AW__D_13,trimMA342_1200rpm_AW__D_15,test,validation,True,1.0587668771035699,331,1,1,AW__D,AW__D,TOP5_FOR_RECORD,SCREEN_CANDIDATE,NOT_YET_VERIFIED
trimMA342_1200rpm_Avv__D_05,trimMA342_1200rpm_Avv__D_12,train,test,True,1.0595894786356552,334,3,3,Avv__D,Avv__D,TOP5_FOR_RECORD,SCREEN_CANDIDATE,NOT_YET_VERIFIED
trimMA342_1200rpm_A__Dvv_13,trimMA342_1200rpm_Avv__D_01,train,validation,True,1.0606910845309772,340,4,3,A__Dvv,Avv__D,TOP5_FOR_RECORD,SCREEN_CANDIDATE,NOT_YET_VERIFIED
trimMA342_1200rpm_AW__D_00,trimMA342_1200rpm_AW__D_01,train,validation,True,1.0609086591842847,341,1,1,AW__D,AW__D,TOP5_FOR_RECORD,SCREEN_CANDIDATE,NOT_YET_VERIFIED
trimMA342_1200rpm_A__Dvv_13,trimMA342_1200rpm_Avv__D_12,train,test,True,1.0614613134683453,343,4,3,A__Dvv,Avv__D,TOP5_FOR_RECORD,SCREEN_CANDIDATE,NOT_YET_VERIFIED
trimMA342_1200rpm_Avv__Dvv_04,trimMA342_1200rpm_Avv__Dvv_12,train,train,False,1.062918473043171,348,5,5,Avv__Dvv,Avv__Dvv,TOP5_FOR_RECORD,SCREEN_CANDIDATE,NOT_YET_VERIFIED
trimMA342_1200rpm_Avv__D_01,trimMA342_1200rpm_Avv__D_10,validation,train,True,1.0644346351579195,352,3,3,Avv__D,Avv__D,TOP5_FOR_RECORD,SCREEN_CANDIDATE,NOT_YET_VERIFIED
trimMA342_1200rpm_Avv__Dvv_14,trimMA342_1200rpm_Avv__Dvv_15,test,train,True,1.0648012930504132,357,5,5,Avv__Dvv,Avv__Dvv,TOP5_FOR_RECORD,SCREEN_CANDIDATE,NOT_YET_VERIFIED
trimMA342_1200rpm_AW__D_04,trimMA342_1200rpm_AW__D_10,train,validation,True,1.0650145061394196,358,1,1,AW__D,AW__D,TOP5_FOR_RECORD,SCREEN_CANDIDATE,NOT_YET_VERIFIED
trimMA342_1200rpm_AW__D_04,trimMA342_1200rpm_AW__D_15,train,validation,True,1.06511258450228,359,1,1,AW__D,AW__D,TOP5_FOR_RECORD,SCREEN_CANDIDATE,NOT_YET_VERIFIED
trimMA342_1200rpm_Avv__Dvv_03,trimMA342_1200rpm_Avv__Dvv_04,train,train,False,1.065146684122494,360,5,5,Avv__Dvv,Avv__Dvv,TOP5_FOR_RECORD,SCREEN_CANDIDATE,NOT_YET_VERIFIED
trimMA342_1200rpm_Avv__D_03,trimMA342_1200rpm_Avv__D_10,train,train,False,1.065393091497113,362,3,3,Avv__D,Avv__D,TOP5_FOR_RECORD,SCREEN_CANDIDATE,NOT_YET_VERIFIED
trimMA342_1200rpm_A__DW_08,trimMA342_1200rpm_A__DW_10,train,test,True,1.0666364613877228,365,2,2,A__DW,A__DW,TOP5_FOR_RECORD,SCREEN_CANDIDATE,NOT_YET_VERIFIED
trimMA342_1200rpm_Avv__Dvv_00,trimMA342_1200rpm_AW__D_11,test,test,False,1.067516556522785,369,5,1,Avv__Dvv,AW__D,TOP5_FOR_RECORD,SCREEN_CANDIDATE,NOT_YET_VERIFIED
trimMA342_1200rpm_Avv__D_02,trimMA342_1200rpm_Avv__D_14,train,validation,True,1.0675606763718242,370,3,3,Avv__D,Avv__D,TOP5_FOR_RECORD,SCREEN_CANDIDATE,NOT_YET_VERIFIED
trimMA342_1200rpm_AW__D_00,trimMA342_1200rpm_AW__D_04,train,train,False,1.068958925218835,373,1,1,AW__D,AW__D,TOP5_FOR_RECORD,SCREEN_CANDIDATE,NOT_YET_VERIFIED
trimMA342_1200rpm_AW__D_07,trimMA342_1200rpm_AW__D_13,train,test,True,1.0692645006088342,377,1,1,AW__D,AW__D,TOP5_FOR_RECORD,SCREEN_CANDIDATE,NOT_YET_VERIFIED
trimMA342_1200rpm_Avv__Dvv_02,trimMA342_1200rpm_Avv__Dvv_04,train,train,False,1.0697419060838416,381,5,5,Avv__Dvv,Avv__Dvv,TOP5_FOR_RECORD,SCREEN_CANDIDATE,NOT_YET_VERIFIED
trimMA342_1200rpm_AW__D_02,trimMA342_1200rpm_AW__D_13,train,test,True,1.070912309066082,384,1,1,AW__D,AW__D,TOP5_FOR_RECORD,SCREEN_CANDIDATE,NOT_YET_VERIFIED
trimMA342_1200rpm_Avv__Dvv_04,trimMA342_1200rpm_Avv__Dvv_15,train,train,False,1.0718370718934251,386,5,5,Avv__Dvv,Avv__Dvv,TOP5_FOR_RECORD,SCREEN_CANDIDATE,NOT_YET_VERIFIED
trimMA342_1200rpm_Avv__D_04,trimMA342_1200rpm_Avv__D_15,validation,train,True,1.072870754521807,393,3,3,Avv__D,Avv__D,TOP5_FOR_RECORD,SCREEN_CANDIDATE,NOT_YET_VERIFIED
trimMA342_1200rpm_A__D_07,trimMA342_1200rpm_A__D_15,train,train,False,1.074416893393012,400,0,0,A__D,A__D,TOP5_FOR_RECORD,SCREEN_CANDIDATE,NOT_YET_VERIFIED
trimMA342_1200rpm_Avv__D_02,trimMA342_1200rpm_Avv__D_07,train,train,False,1.074482889977383,401,3,3,Avv__D,Avv__D,TOP5_FOR_RECORD,SCREEN_CANDIDATE,NOT_YET_VERIFIED
trimMA342_1200rpm_Avv__Dvv_05,trimMA342_1200rpm_Avv__Dvv_09,train,validation,True,1.0751747733682298,405,5,5,Avv__Dvv,Avv__Dvv,TOP5_FOR_RECORD,SCREEN_CANDIDATE,NOT_YET_VERIFIED
trimMA342_1200rpm_A__D_07,trimMA342_1200rpm_A__D_13,train,test,True,1.0756018408721808,407,0,0,A__D,A__D,TOP5_FOR_RECORD,SCREEN_CANDIDATE,NOT_YET_VERIFIED
trimMA342_1200rpm_A__Dvv_08,trimMA342_1200rpm_A__Dvv_12,validation,train,True,1.0767546338241138,412,4,4,A__Dvv,A__Dvv,TOP5_FOR_RECORD,SCREEN_CANDIDATE,NOT_YET_VERIFIED
trimMA342_1200rpm_A__D_06,trimMA342_1200rpm_A__D_08,train,test,True,1.0782980272412908,419,0,0,A__D,A__D,TOP5_FOR_RECORD,SCREEN_CANDIDATE,NOT_YET_VERIFIED
trimMA342_1200rpm_A__DW_07,trimMA342_1200rpm_A__DW_10,test,test,False,1.0793917771262855,423,2,2,A__DW,A__DW,TOP5_FOR_RECORD,SCREEN_CANDIDATE,NOT_YET_VERIFIED
trimMA342_1200rpm_A__D_11,trimMA342_1200rpm_A__D_14,train,test,True,1.0799576369501342,426,0,0,A__D,A__D,TOP5_FOR_RECORD,SCREEN_CANDIDATE,NOT_YET_VERIFIED
trimMA342_1200rpm_A__D_09,trimMA342_1200rpm_A__D_12,train,validation,True,1.0800165237159105,427,0,0,A__D,A__D,TOP5_FOR_RECORD,SCREEN_CANDIDATE,NOT_YET_VERIFIED
trimMA342_1200rpm_A__Dvv_13,trimMA342_1200rpm_Avv__Dvv_13,train,train,False,1.0813068385115168,430,4,5,A__Dvv,Avv__Dvv,TOP5_FOR_RECORD,SCREEN_CANDIDATE,NOT_YET_VERIFIED
trimMA342_1200rpm_Avv__Dvv_03,trimMA342_1200rpm_Avv__Dvv_06,train,test,True,1.0828488301757309,432,5,5,Avv__Dvv,Avv__Dvv,TOP5_FOR_RECORD,SCREEN_CANDIDATE,NOT_YET_VERIFIED
trimMA342_1200rpm_Avv__D_08,trimMA342_1200rpm_Avv__D_11,train,train,False,1.0834104815970387,436,3,3,Avv__D,Avv__D,TOP5_FOR_RECORD,SCREEN_CANDIDATE,NOT_YET_VERIFIED
trimMA342_1200rpm_A__Dvv_06,trimMA342_1200rpm_A__Dvv_11,validation,validation,False,1.0844376023977578,440,4,4,A__Dvv,A__Dvv,TOP5_FOR_RECORD,SCREEN_CANDIDATE,NOT_YET_VERIFIED
trimMA342_1200rpm_Avv__D_03,trimMA342_1200rpm_Avv__D_08,train,train,False,1.08628178082233,444,3,3,Avv__D,Avv__D,TOP5_FOR_RECORD,SCREEN_CANDIDATE,NOT_YET_VERIFIED
trimMA342_1200rpm_A__D_04,trimMA342_1200rpm_A__D_07,validation,train,True,1.0863150635036618,445,0,0,A__D,A__D,TOP5_FOR_RECORD,SCREEN_CANDIDATE,NOT_YET_VERIFIED
trimMA342_1200rpm_A__Dvv_00,trimMA342_1200rpm_A__Dvv_07,test,train,True,1.0865425055822895,446,4,4,A__Dvv,A__Dvv,TOP5_FOR_RECORD,SCREEN_CANDIDATE,NOT_YET_VERIFIED
trimMA342_1200rpm_Avv__D_11,trimMA342_1200rpm_Avv__D_13,train,test,True,1.0865583011982853,447,3,3,Avv__D,Avv__D,TOP5_FOR_RECORD,SCREEN_CANDIDATE,NOT_YET_VERIFIED
trimMA342_1200rpm_Avv__D_11,trimMA342_1200rpm_Avv__D_15,train,train,False,1.087317213299049,451,3,3,Avv__D,Avv__D,TOP5_FOR_RECORD,SCREEN_CANDIDATE,NOT_YET_VERIFIED
trimMA342_1200rpm_A__DW_00,trimMA342_1200rpm_A__DW_01,train,test,True,1.0875582440988711,452,2,2,A__DW,A__DW,TOP5_FOR_RECORD,SCREEN_CANDIDATE,NOT_YET_VERIFIED
trimMA342_1200rpm_Avv__Dvv_03,trimMA342_1200rpm_Avv__Dvv_15,train,train,False,1.0876138879443487,453,5,5,Avv__Dvv,Avv__Dvv,TOP5_FOR_RECORD,SCREEN_CANDIDATE,NOT_YET_VERIFIED
trimMA342_1200rpm_A__Dvv_00,trimMA342_1200rpm_A__Dvv_04,test,train,True,1.0879967737403777,455,4,4,A__Dvv,A__Dvv,TOP5_FOR_RECORD,SCREEN_CANDIDATE,NOT_YET_VERIFIED
trimMA342_1200rpm_Avv__D_04,trimMA342_1200rpm_Avv__D_14,validation,validation,False,1.088320180440631,457,3,3,Avv__D,Avv__D,TOP5_FOR_RECORD,SCREEN_CANDIDATE,NOT_YET_VERIFIED
trimMA342_1200rpm_A__Dvv_06,trimMA342_1200rpm_Avv__D_14,validation,validation,False,1.0887314940631319,460,4,3,A__Dvv,Avv__D,TOP5_FOR_RECORD,SCREEN_CANDIDATE,NOT_YET_VERIFIED
trimMA342_1200rpm_A__DW_02,trimMA342_1200rpm_A__DW_04,validation,validation,False,1.0896643260647536,468,2,2,A__DW,A__DW,TOP5_FOR_RECORD,SCREEN_CANDIDATE,NOT_YET_VERIFIED
trimMA342_1200rpm_AW__D_11,trimMA342_1200rpm_AW__D_13,test,test,False,1.0898615045446507,470,1,1,AW__D,AW__D,TOP5_FOR_RECORD,SCREEN_CANDIDATE,NOT_YET_VERIFIED
trimMA342_1200rpm_AW__D_00,trimMA342_1200rpm_AW__D_03,train,train,False,1.0931312853164048,484,1,1,AW__D,AW__D,TOP5_FOR_RECORD,SCREEN_CANDIDATE,NOT_YET_VERIFIED
trimMA342_1200rpm_AW__D_10,trimMA342_1200rpm_AW__D_11,validation,test,True,1.0941957200016925,488,1,1,AW__D,AW__D,TOP5_FOR_RECORD,SCREEN_CANDIDATE,NOT_YET_VERIFIED
trimMA342_1200rpm_Avv__Dvv_06,trimMA342_1200rpm_Avv__Dvv_09,test,validation,True,1.0945495745748532,490,5,5,Avv__Dvv,Avv__Dvv,TOP5_FOR_RECORD,SCREEN_CANDIDATE,NOT_YET_VERIFIED
trimMA342_1200rpm_AW__D_00,trimMA342_1200rpm_AW__D_12,train,train,False,1.0965776852830142,502,1,1,AW__D,AW__D,TOP5_FOR_RECORD,SCREEN_CANDIDATE,NOT_YET_VERIFIED
trimMA342_1200rpm_A__DW_05,trimMA342_1200rpm_A__DW_07,train,test,True,1.0978222937089983,507,2,2,A__DW,A__DW,TOP5_FOR_RECORD,SCREEN_CANDIDATE,NOT_YET_VERIFIED
trimMA342_1200rpm_Avv__D_04,trimMA342_1200rpm_Avv__D_12,validation,test,True,1.0978732277795815,508,3,3,Avv__D,Avv__D,TOP5_FOR_RECORD,SCREEN_CANDIDATE,NOT_YET_VERIFIED
trimMA342_1200rpm_Avv__D_11,trimMA342_1200rpm_Avv__D_14,train,validation,True,1.0983768107121548,510,3,3,Avv__D,Avv__D,TOP5_FOR_RECORD,SCREEN_CANDIDATE,NOT_YET_VERIFIED
trimMA342_1200rpm_A__Dvv_11,trimMA342_1200rpm_Avv__D_11,validation,train,True,1.1004284177396262,519,4,3,A__Dvv,Avv__D,TOP5_FOR_RECORD,SCREEN_CANDIDATE,NOT_YET_VERIFIED
trimMA342_1200rpm_Avv__D_03,trimMA342_1200rpm_Avv__D_07,train,train,False,1.1013058036643248,523,3,3,Avv__D,Avv__D,TOP5_FOR_RECORD,SCREEN_CANDIDATE,NOT_YET_VERIFIED
trimMA342_1200rpm_Avv__Dvv_10,trimMA342_1200rpm_Avv__Dvv_13,test,train,True,1.103957097964114,539,5,5,Avv__Dvv,Avv__Dvv,TOP5_FOR_RECORD,SCREEN_CANDIDATE,NOT_YET_VERIFIED
trimMA342_1200rpm_A__D_06,trimMA342_1200rpm_A__D_07,train,train,False,1.1039907443661334,540,0,0,A__D,A__D,TOP5_FOR_RECORD,SCREEN_CANDIDATE,NOT_YET_VERIFIED
trimMA342_1200rpm_A__DW_07,trimMA342_1200rpm_A__DW_13,test,train,True,1.1073079342220724,555,2,2,A__DW,A__DW,TOP5_FOR_RECORD,SCREEN_CANDIDATE,NOT_YET_VERIFIED
trimMA342_1200rpm_A__Dvv_09,trimMA342_1200rpm_Avv__D_07,train,train,False,1.10742284967091,557,4,3,A__Dvv,Avv__D,TOP5_FOR_RECORD,SCREEN_CANDIDATE,NOT_YET_VERIFIED
trimMA342_1200rpm_A__DW_07,trimMA342_1200rpm_A__DW_08,test,train,True,1.1078365375841857,561,2,2,A__DW,A__DW,TOP5_FOR_RECORD,SCREEN_CANDIDATE,NOT_YET_VERIFIED
trimMA342_1200rpm_A__DW_00,trimMA342_1200rpm_A__DW_03,train,test,True,1.10853466029568,569,2,2,A__DW,A__DW,TOP5_FOR_RECORD,SCREEN_CANDIDATE,NOT_YET_VERIFIED
trimMA342_1200rpm_A__Dvv_06,trimMA342_1200rpm_Avv__D_13,validation,test,True,1.1093521973713716,574,4,3,A__Dvv,Avv__D,TOP5_FOR_RECORD,SCREEN_CANDIDATE,NOT_YET_VERIFIED
trimMA342_1200rpm_Avv__D_00,trimMA342_1200rpm_Avv__D_09,test,validation,True,1.1104036506551476,582,3,3,Avv__D,Avv__D,TOP5_FOR_RECORD,SCREEN_CANDIDATE,NOT_YET_VERIFIED
trimMA342_1200rpm_A__DW_05,trimMA342_1200rpm_A__DW_11,train,train,False,1.113629943271488,598,2,2,A__DW,A__DW,TOP5_FOR_RECORD,SCREEN_CANDIDATE,NOT_YET_VERIFIED
trimMA342_1200rpm_A__DW_06,trimMA342_1200rpm_A__DW_12,validation,train,True,1.1137478944606252,601,2,2,A__DW,A__DW,TOP5_FOR_RECORD,SCREEN_CANDIDATE,NOT_YET_VERIFIED
trimMA342_1200rpm_A__Dvv_05,trimMA342_1200rpm_Avv__D_13,train,test,True,1.114520549357101,604,4,3,A__Dvv,Avv__D,TOP5_FOR_RECORD,SCREEN_CANDIDATE,NOT_YET_VERIFIED
trimMA342_1200rpm_A__DW_11,trimMA342_1200rpm_A__DW_12,train,train,False,1.1201935290439744,631,2,2,A__DW,A__DW,TOP5_FOR_RECORD,SCREEN_CANDIDATE,NOT_YET_VERIFIED
trimMA342_1200rpm_A__DW_10,trimMA342_1200rpm_A__DW_11,test,train,True,1.1203345424528361,633,2,2,A__DW,A__DW,TOP5_FOR_RECORD,SCREEN_CANDIDATE,NOT_YET_VERIFIED
trimMA342_1200rpm_Avv__D_04,trimMA342_1200rpm_Avv__D_08,validation,train,True,1.1213816948909288,641,3,3,Avv__D,Avv__D,TOP5_FOR_RECORD,SCREEN_CANDIDATE,NOT_YET_VERIFIED
trimMA342_1200rpm_A__D_08,trimMA342_1200rpm_A__D_09,test,train,True,1.1230730888415907,651,0,0,A__D,A__D,TOP5_FOR_RECORD,SCREEN_CANDIDATE,NOT_YET_VERIFIED
trimMA342_1200rpm_A__Dvv_14,trimMA342_1200rpm_Avv__D_08,test,train,True,1.1240808444068207,659,4,3,A__Dvv,Avv__D,TOP5_FOR_RECORD,SCREEN_CANDIDATE,NOT_YET_VERIFIED
trimMA342_1200rpm_A__Dvv_13,trimMA342_1200rpm_Avv__Dvv_06,train,test,True,1.12416718583945,660,4,5,A__Dvv,Avv__Dvv,TOP5_FOR_RECORD,SCREEN_CANDIDATE,NOT_YET_VERIFIED
trimMA342_1200rpm_A__Dvv_09,trimMA342_1200rpm_Avv__D_08,train,train,False,1.1252973580220704,670,4,3,A__Dvv,Avv__D,TOP5_FOR_RECORD,SCREEN_CANDIDATE,NOT_YET_VERIFIED
trimMA342_1200rpm_Avv__D_03,trimMA342_1200rpm_Avv__D_14,train,validation,True,1.1260759208727957,676,3,3,Avv__D,Avv__D,TOP5_FOR_RECORD,SCREEN_CANDIDATE,NOT_YET_VERIFIED
trimMA342_1200rpm_Avv__D_13,trimMA342_1200rpm_Avv__D_15,test,train,True,1.1277072682271687,685,3,3,Avv__D,Avv__D,TOP5_FOR_RECORD,SCREEN_CANDIDATE,NOT_YET_VERIFIED
trimMA342_1200rpm_A__Dvv_00,trimMA342_1200rpm_A__Dvv_06,test,validation,True,1.1281273202420228,690,4,4,A__Dvv,A__Dvv,TOP5_FOR_RECORD,SCREEN_CANDIDATE,NOT_YET_VERIFIED
trimMA342_1200rpm_Avv__Dvv_01,trimMA342_1200rpm_AW__D_10,train,validation,True,1.1300205211467182,701,5,1,Avv__Dvv,AW__D,TOP5_FOR_RECORD,SCREEN_CANDIDATE,NOT_YET_VERIFIED
trimMA342_1200rpm_A__DW_01,trimMA342_1200rpm_A__DW_03,test,test,False,1.1307744973388127,705,2,2,A__DW,A__DW,TOP5_FOR_RECORD,SCREEN_CANDIDATE,NOT_YET_VERIFIED
trimMA342_1200rpm_A__Dvv_00,trimMA342_1200rpm_A__Dvv_09,test,train,True,1.1333185245377908,725,4,4,A__Dvv,A__Dvv,TOP5_FOR_RECORD,SCREEN_CANDIDATE,NOT_YET_VERIFIED
trimMA342_1200rpm_A__DW_11,trimMA342_1200rpm_A__DW_13,train,train,False,1.1333567510997342,726,2,2,A__DW,A__DW,TOP5_FOR_RECORD,SCREEN_CANDIDATE,NOT_YET_VERIFIED
trimMA342_1200rpm_A__D_07,trimMA342_1200rpm_A__D_09,train,train,False,1.1334950410089657,728,0,0,A__D,A__D,TOP5_FOR_RECORD,SCREEN_CANDIDATE,NOT_YET_VERIFIED
trimMA342_1200rpm_A__DW_01,trimMA342_1200rpm_A__DW_05,test,train,True,1.134060491024639,730,2,2,A__DW,A__DW,TOP5_FOR_RECORD,SCREEN_CANDIDATE,NOT_YET_VERIFIED
trimMA342_1200rpm_Avv__D_09,trimMA342_1200rpm_Avv__D_12,validation,test,True,1.1384133086633295,753,3,3,Avv__D,Avv__D,TOP5_FOR_RECORD,SCREEN_CANDIDATE,NOT_YET_VERIFIED
trimMA342_1200rpm_A__Dvv_00,trimMA342_1200rpm_Avv__D_04,test,validation,True,1.143299597817071,775,4,3,A__Dvv,Avv__D,TOP5_FOR_RECORD,SCREEN_CANDIDATE,NOT_YET_VERIFIED
trimMA342_1200rpm_Avv__Dvv_02,trimMA342_1200rpm_Avv__Dvv_13,train,train,False,1.1438341387497097,777,5,5,Avv__Dvv,Avv__Dvv,TOP5_FOR_RECORD,SCREEN_CANDIDATE,NOT_YET_VERIFIED
trimMA342_1200rpm_Avv__D_09,trimMA342_1200rpm_Avv__Dvv_13,validation,train,True,1.1442816493278907,780,3,5,Avv__D,Avv__Dvv,TOP5_FOR_RECORD,SCREEN_CANDIDATE,NOT_YET_VERIFIED
trimMA342_1200rpm_Avv__Dvv_09,trimMA342_1200rpm_AW__D_15,validation,validation,False,1.1483078987207174,812,5,1,Avv__Dvv,AW__D,TOP5_FOR_RECORD,SCREEN_CANDIDATE,NOT_YET_VERIFIED
trimMA342_1200rpm_Avv__Dvv_09,trimMA342_1200rpm_AW__D_02,validation,train,True,1.1488216940461131,817,5,1,Avv__Dvv,AW__D,TOP5_FOR_RECORD,SCREEN_CANDIDATE,NOT_YET_VERIFIED
trimMA342_1200rpm_A__D_06,trimMA342_1200rpm_A__D_13,train,test,True,1.1510324732079926,831,0,0,A__D,A__D,TOP5_FOR_RECORD,SCREEN_CANDIDATE,NOT_YET_VERIFIED
trimMA342_1200rpm_A__DW_00,trimMA342_1200rpm_A__DW_05,train,train,False,1.1551282977447024,856,2,2,A__DW,A__DW,TOP5_FOR_RECORD,SCREEN_CANDIDATE,NOT_YET_VERIFIED
trimMA342_1200rpm_Avv__Dvv_01,trimMA342_1200rpm_AW__D_15,train,validation,True,1.161304714372738,874,5,1,Avv__Dvv,AW__D,TOP5_FOR_RECORD,SCREEN_CANDIDATE,NOT_YET_VERIFIED
trimMA342_1200rpm_A__D_06,trimMA342_1200rpm_A__D_09,train,train,False,1.1620745606114473,881,0,0,A__D,A__D,TOP5_FOR_RECORD,SCREEN_CANDIDATE,NOT_YET_VERIFIED
trimMA342_1200rpm_Avv__D_00,trimMA342_1200rpm_Avv__D_11,test,train,True,1.1621505650461583,882,3,3,Avv__D,Avv__D,TOP5_FOR_RECORD,SCREEN_CANDIDATE,NOT_YET_VERIFIED
trimMA342_1200rpm_A__D_05,trimMA342_1200rpm_A__Dvv_04,validation,train,True,1.1642795325536357,895,0,4,A__D,A__Dvv,TOP5_FOR_RECORD,SCREEN_CANDIDATE,NOT_YET_VERIFIED
trimMA342_1200rpm_A__Dvv_05,trimMA342_1200rpm_Avv__D_00,train,test,True,1.1652798831834015,900,4,3,A__Dvv,Avv__D,TOP5_FOR_RECORD,SCREEN_CANDIDATE,NOT_YET_VERIFIED
trimMA342_1200rpm_Avv__Dvv_09,trimMA342_1200rpm_Avv__Dvv_11,validation,validation,False,1.1660998579700292,908,5,5,Avv__Dvv,Avv__Dvv,TOP5_FOR_RECORD,SCREEN_CANDIDATE,NOT_YET_VERIFIED
trimMA342_1200rpm_A__D_03,trimMA342_1200rpm_A__D_06,train,train,False,1.167183529655858,913,0,0,A__D,A__D,TOP5_FOR_RECORD,SCREEN_CANDIDATE,NOT_YET_VERIFIED
trimMA342_1200rpm_A__D_03,trimMA342_1200rpm_A__D_05,train,validation,True,1.1701262573177553,933,0,0,A__D,A__D,TOP5_FOR_RECORD,SCREEN_CANDIDATE,NOT_YET_VERIFIED
trimMA342_1200rpm_A__Dvv_09,trimMA342_1200rpm_Avv__D_00,train,test,True,1.173884408749448,960,4,3,A__Dvv,Avv__D,TOP5_FOR_RECORD,SCREEN_CANDIDATE,NOT_YET_VERIFIED
trimMA342_1200rpm_A__D_05,trimMA342_1200rpm_Avv__D_11,validation,train,True,1.1742887721839828,962,0,3,A__D,Avv__D,TOP5_FOR_RECORD,SCREEN_CANDIDATE,NOT_YET_VERIFIED
trimMA342_1200rpm_A__D_03,trimMA342_1200rpm_A__D_04,train,validation,True,1.1756426402745142,968,0,0,A__D,A__D,TOP5_FOR_RECORD,SCREEN_CANDIDATE,NOT_YET_VERIFIED
trimMA342_1200rpm_A__D_02,trimMA342_1200rpm_A__D_08,validation,test,True,1.1759423944206366,970,0,0,A__D,A__D,TOP5_FOR_RECORD,SCREEN_CANDIDATE,NOT_YET_VERIFIED
trimMA342_1200rpm_A__Dvv_04,trimMA342_1200rpm_Avv__D_00,train,test,True,1.1759989801465551,972,4,3,A__Dvv,Avv__D,TOP5_FOR_RECORD,SCREEN_CANDIDATE,NOT_YET_VERIFIED
trimMA342_1200rpm_A__D_03,trimMA342_1200rpm_A__D_09,train,train,False,1.183873752995584,1017,0,0,A__D,A__D,TOP5_FOR_RECORD,SCREEN_CANDIDATE,NOT_YET_VERIFIED
trimMA342_1200rpm_A__D_02,trimMA342_1200rpm_A__D_07,validation,train,True,1.192792564377304,1072,0,0,A__D,A__D,TOP5_FOR_RECORD,SCREEN_CANDIDATE,NOT_YET_VERIFIED
trimMA342_1200rpm_A__DW_01,trimMA342_1200rpm_A__DW_10,test,test,False,1.1944776287592176,1085,2,2,A__DW,A__DW,TOP5_FOR_RECORD,SCREEN_CANDIDATE,NOT_YET_VERIFIED
trimMA342_1200rpm_A__D_04,trimMA342_1200rpm_A__D_15,validation,train,True,1.1956595183716143,1092,0,0,A__D,A__D,TOP5_FOR_RECORD,SCREEN_CANDIDATE,NOT_YET_VERIFIED
trimMA342_1200rpm_A__D_03,trimMA342_1200rpm_A__D_07,train,train,False,1.20244338449823,1125,0,0,A__D,A__D,TOP5_FOR_RECORD,SCREEN_CANDIDATE,NOT_YET_VERIFIED
trimMA342_1200rpm_A__D_05,trimMA342_1200rpm_A__D_07,validation,train,True,1.2031895562117778,1130,0,0,A__D,A__D,TOP5_FOR_RECORD,SCREEN_CANDIDATE,NOT_YET_VERIFIED
trimMA342_1200rpm_A__D_02,trimMA342_1200rpm_A__D_06,validation,train,True,1.2042251084668318,1140,0,0,A__D,A__D,TOP5_FOR_RECORD,SCREEN_CANDIDATE,NOT_YET_VERIFIED
trimMA342_1200rpm_A__Dvv_09,trimMA342_1200rpm_Avv__Dvv_01,train,train,False,1.2160607562075396,1224,4,5,A__Dvv,Avv__Dvv,TOP5_FOR_RECORD,SCREEN_CANDIDATE,NOT_YET_VERIFIED
trimMA342_1200rpm_A__DW_00,trimMA342_1200rpm_A__DW_04,train,validation,True,1.2214307837809533,1258,2,2,A__DW,A__DW,TOP5_FOR_RECORD,SCREEN_CANDIDATE,NOT_YET_VERIFIED
trimMA342_1200rpm_A__D_04,trimMA342_1200rpm_A__D_09,validation,train,True,1.2225350846406722,1264,0,0,A__D,A__D,TOP5_FOR_RECORD,SCREEN_CANDIDATE,NOT_YET_VERIFIED
trimMA342_1200rpm_A__D_02,trimMA342_1200rpm_A__D_12,validation,validation,False,1.2269261384767414,1278,0,0,A__D,A__D,TOP5_FOR_RECORD,SCREEN_CANDIDATE,NOT_YET_VERIFIED
trimMA342_1200rpm_A__D_00,trimMA342_1200rpm_A__D_01,train,test,True,1.2345424052954224,1332,0,0,A__D,A__D,TOP5_FOR_RECORD,SCREEN_CANDIDATE,NOT_YET_VERIFIED
trimMA342_1200rpm_Avv__Dvv_00,trimMA342_1200rpm_Avv__Dvv_01,test,train,True,1.2397721330958646,1360,5,5,Avv__Dvv,Avv__Dvv,TOP5_FOR_RECORD,SCREEN_CANDIDATE,NOT_YET_VERIFIED
trimMA342_1200rpm_Avv__Dvv_01,trimMA342_1200rpm_Avv__Dvv_07,train,validation,True,1.2400714966805522,1363,5,5,Avv__Dvv,Avv__Dvv,TOP5_FOR_RECORD,SCREEN_CANDIDATE,NOT_YET_VERIFIED
trimMA342_1200rpm_A__D_02,trimMA342_1200rpm_A__D_13,validation,test,True,1.2572753601661188,1472,0,0,A__D,A__D,TOP5_FOR_RECORD,SCREEN_CANDIDATE,NOT_YET_VERIFIED
trimMA342_1200rpm_A__D_00,trimMA342_1200rpm_A__D_02,train,validation,True,1.3073158105042142,1817,0,0,A__D,A__D,TOP5_FOR_RECORD,SCREEN_CANDIDATE,NOT_YET_VERIFIED
trimMA342_1200rpm_A__D_01,trimMA342_1200rpm_A__D_02,test,validation,True,1.3411499297537959,2042,0,0,A__D,A__D,TOP5_FOR_RECORD,SCREEN_CANDIDATE,NOT_YET_VERIFIED
trimMA342_1200rpm_A__D_01,trimMA342_1200rpm_A__D_06,test,train,True,1.4013446189211456,2363,0,0,A__D,A__D,TOP5_FOR_RECORD,SCREEN_CANDIDATE,NOT_YET_VERIFIED
trimMA342_1200rpm_A__D_01,trimMA342_1200rpm_A__D_07,test,train,True,1.4229070621679223,2471,0,0,A__D,A__D,TOP5_FOR_RECORD,SCREEN_CANDIDATE,NOT_YET_VERIFIED
trimMA342_1200rpm_A__D_00,trimMA342_1200rpm_A__D_06,train,train,False,1.4439465008031658,2580,0,0,A__D,A__D,TOP5_FOR_RECORD,SCREEN_CANDIDATE,NOT_YET_VERIFIED
trimMA342_1200rpm_A__D_01,trimMA342_1200rpm_A__D_03,test,train,True,1.466671396552743,2688,0,0,A__D,A__D,TOP5_FOR_RECORD,SCREEN_CANDIDATE,NOT_YET_VERIFIED
trimMA342_1200rpm_A__D_00,trimMA342_1200rpm_A__D_03,train,train,False,1.628529351062682,3386,0,0,A__D,A__D,TOP5_FOR_RECORD,SCREEN_CANDIDATE,NOT_YET_VERIFIED
trimMA342_1200rpm_A__D_00,trimMA342_1200rpm_A__D_07,train,train,False,1.671965995551631,3526,0,0,A__D,A__D,TOP5_FOR_RECORD,SCREEN_CANDIDATE,NOT_YET_VERIFIED
