original_review_rank,recording_a,recording_b,split_a,split_b,class_id_a,class_id_b,lag_start,lag_middle,lag_end,lag_range_samples,lag_range_revolutions_nominal,corr_start,corr_middle,corr_end,corr_mean_3seg,corr_min_3seg,corr_max_3seg,corr_range_3seg,rmse_start,rmse_middle,rmse_end,rmse_mean_3seg,rmse_max_3seg,multisegment_review_rank
20,trimMA342_1200rpm_Avv__D_09,trimMA342_1200rpm_Avv__Dvv_13,validation,train,3,5,689,-64,-63,753,5.02,0.9414879961184223,0.9319257233840014,0.9419536796647145,0.9384557997223794,0.9319257233840014,0.9419536796647145,0.01002795628071318,0.3420877193983356,0.3689831340752546,0.3407237013631009,0.3505981849455637,0.3689831340752546,1
5,trimMA342_1200rpm_Avv__D_13,trimMA342_1200rpm_Avv__Dvv_08,test,validation,3,5,46,48,49,3,0.02,0.9407867453266819,0.9389947499363086,0.93496958207729,0.9382503591134269,0.93496958207729,0.9407867453266819,0.005817163249391966,0.34413152913767703,0.3493000144966821,0.36063948181725686,0.35135700848387197,0.36063948181725686,2
13,trimMA342_1200rpm_A__Dvv_06,trimMA342_1200rpm_A__Dvv_10,validation,test,4,4,-610,142,144,754,5.026666666666666,0.9137651253416622,0.9359828245757879,0.9433383016074889,0.9310287505083129,0.9137651253416622,0.9433383016074889,0.029573176265826673,0.4152947740059779,0.3578188799496514,0.3366354063152331,0.3699163534236208,0.4152947740059779,3
1,trimMA342_1200rpm_A__DW_11,trimMA342_1200rpm_A__DW_15,train,validation,2,2,301,299,297,4,0.02666666666666667,0.9041824937855732,0.9445703015657725,0.9354821720422004,0.9280783224645154,0.9041824937855732,0.9445703015657725,0.040387807780199236,0.43776136470553517,0.33295554788658277,0.3592153336309562,0.376644082074358,0.43776136470553517,4
7,trimMA342_1200rpm_AW__D_01,trimMA342_1200rpm_AW__D_02,validation,train,1,1,399,397,99,300,2.0,0.9315566355429931,0.9384157830001802,0.9107397383372708,0.9269040522934814,0.9107397383372708,0.9384157830001802,0.027676044662909405,0.369982065665369,0.3509536066200756,0.42251689117177343,0.3811508544857393,0.42251689117177343,5
16,trimMA342_1200rpm_AW__D_01,trimMA342_1200rpm_AW__D_08,validation,train,1,1,275,-25,426,451,3.006666666666667,0.9148697850488993,0.9338206605811951,0.9245156492502168,0.9244020316267704,0.9148697850488993,0.9338206605811951,0.018950875532295797,0.4126262593463997,0.3638113231300115,0.3885469102947117,0.3883281642570409,0.4126262593463997,6
32,trimMA342_1200rpm_A__DW_06,trimMA342_1200rpm_A__DW_12,validation,train,2,2,174,-125,-127,301,2.006666666666667,0.9244660311980981,0.9292274493309196,0.9168863764829464,0.923526619003988,0.9168863764829464,0.9292274493309196,0.012341072847973256,0.38867459089038037,0.37622480159893873,0.40770975832582945,0.3908697169383828,0.40770975832582945,7
15,trimMA342_1200rpm_Avv__D_09,trimMA342_1200rpm_Avv__Dvv_14,validation,test,3,5,166,-134,-135,301,2.006666666666667,0.8958978384102688,0.9345012154384893,0.9397386506160569,0.923379234821605,0.8958978384102688,0.9397386506160569,0.04384081220578806,0.4562941191594112,0.36193586327279137,0.34716379242064555,0.388464591617616,0.4562941191594112,8
29,trimMA342_1200rpm_A__DW_09,trimMA342_1200rpm_A__DW_15,train,validation,2,2,-216,233,232,449,2.993333333333333,0.9144214774787981,0.9295936470157331,0.9252207699857254,0.9230786314934188,0.9144214774787981,0.9295936470157331,0.01517216953693501,0.41371130639904563,0.375250191163887,0.38672788886832316,0.39189646214375196,0.41371130639904563,9
26,trimMA342_1200rpm_Avv__Dvv_03,trimMA342_1200rpm_Avv__Dvv_10,train,test,5,5,-180,-177,-177,3,0.02,0.8933008780567485,0.930025896654762,0.9448279991456264,0.922718257952379,0.8933008780567485,0.9448279991456264,0.051527121088877914,0.46195047774247455,0.37409652055382064,0.3321806763024413,0.3894092248662455,0.46195047774247455,10
9,trimMA342_1200rpm_A__DW_04,trimMA342_1200rpm_A__DW_05,validation,train,2,2,361,57,511,454,3.026666666666667,0.9189953918255588,0.9378561668685613,0.9097462037864341,0.9221992541601848,0.9097462037864341,0.9378561668685613,0.02810996308212721,0.402503684888576,0.35254455925865213,0.4248618509905678,0.39330336504593194,0.4248618509905678,11
27,trimMA342_1200rpm_AW__D_08,trimMA342_1200rpm_AW__D_09,train,validation,1,1,277,-474,276,751,5.006666666666667,0.9189533274248872,0.9299361354518695,0.9172204689271841,0.9220366439346469,0.9172204689271841,0.9299361354518695,0.012715666524685365,0.40260817819590605,0.37433638494843274,0.40688949623408993,0.39461135312614287,0.40688949623408993,12
2,trimMA342_1200rpm_A__Dvv_06,trimMA342_1200rpm_Avv__Dvv_05,validation,train,4,5,-339,412,-339,751,5.006666666666667,0.9098554377978679,0.9421275840904837,0.9048206448399649,0.9189345555761056,0.9048206448399649,0.9421275840904837,0.037306939250518756,0.4246046683731401,0.34021292129934166,0.43630116928569956,0.4003729196527271,0.43630116928569956,13
11,trimMA342_1200rpm_A__DW_10,trimMA342_1200rpm_A__DW_15,test,validation,2,2,-14,438,-313,751,5.006666666666667,0.9137446268030415,0.9369205442751971,0.8991269075423807,0.9165973595402064,0.8991269075423807,0.9369205442751971,0.03779363673281644,0.4153441300824135,0.3551885575994903,0.4491616467545263,0.4065647781454767,0.4491616467545263,14
21,trimMA342_1200rpm_A__Dvv_13,trimMA342_1200rpm_Avv__D_01,train,validation,4,3,-315,-613,137,750,5.0,0.9132214754909861,0.9318335923056414,0.8914847847623456,0.9121799508529911,0.8914847847623456,0.9318335923056414,0.04034880754329584,0.4166017871037374,0.3692327387823527,0.46586524926775663,0.4172332583846156,0.46586524926775663,15
8,trimMA342_1200rpm_Avv__Dvv_11,trimMA342_1200rpm_Avv__Dvv_14,validation,test,5,5,128,581,-168,749,4.993333333333333,0.8872837166015417,0.9382668857234947,0.9102797208478531,0.9119434410576298,0.8872837166015417,0.9382668857234947,0.050983169121953,0.4747973955245713,0.3513776153271735,0.42360424726895096,0.4165930860402319,0.4747973955245713,16
28,trimMA342_1200rpm_A__DW_10,trimMA342_1200rpm_A__DW_11,test,train,2,2,140,140,139,1,0.006666666666666667,0.9070314129307566,0.9299067909979231,0.8950860548331171,0.910674752920599,0.8950860548331171,0.9299067909979231,0.034820736164805965,0.4312043299162094,0.3744147673425215,0.45806974396238637,0.42122961374037243,0.45806974396238637,17
23,trimMA342_1200rpm_Avv__D_09,trimMA342_1200rpm_Avv__Dvv_00,validation,test,3,5,-40,259,261,301,2.006666666666667,0.8428868004157835,0.9311183574417612,0.9443044807301758,0.9061032128625736,0.8428868004157835,0.9443044807301758,0.10141768031439236,0.5605590059649674,0.3711647681508549,0.3337529603458952,0.4218255781539059,0.5605590059649674,18
18,trimMA342_1200rpm_A__DW_06,trimMA342_1200rpm_A__DW_07,validation,test,2,2,89,-662,85,751,5.006666666666667,0.8960232626922137,0.9336219563568285,0.8849325126833985,0.9048592439108135,0.8849325126833985,0.9336219563568285,0.04868944367343009,0.45601916036014467,0.3643570876027288,0.4797238524747368,0.4333667001458701,0.4797238524747368,19
31,trimMA342_1200rpm_A__Dvv_06,trimMA342_1200rpm_A__Dvv_07,validation,train,4,4,132,282,-168,450,3.0,0.8733218557452798,0.929373317463647,0.8942822079916352,0.8989924604001872,0.8733218557452798,0.929373317463647,0.05605146171836728,0.5033450988233035,0.3758368862587935,0.45982125224561937,0.4463344124425721,0.5033450988233035,20
