original_review_rank,recording_a,recording_b,split_a,split_b,class_id_a,class_id_b,segment,a_start_sample,b_start_sample,common_lag_samples,common_lag_seconds,lag_score,corr_X,corr_Y,corr_Z,mean_channel_corr,min_channel_corr,joint_standardized_rmse,joint_standardized_mae,matched_samples
1,trimMA342_1200rpm_A__DW_11,trimMA342_1200rpm_A__DW_15,train,validation,2,2,start,0,0,301,0.10033333333333333,0.8949059833927998,0.9031966657100434,0.8409842007237034,0.9683666149229728,0.9041824937855732,0.8409842007237034,0.43776136470553517,0.3310536604809848,29699
1,trimMA342_1200rpm_A__DW_11,trimMA342_1200rpm_A__DW_15,train,validation,2,2,middle,127193,127193,299,0.09966666666666667,0.9348539441045309,0.9258832913612485,0.9274923447621967,0.9803352685738722,0.9445703015657725,0.9258832913612485,0.33295554788658277,0.254680691125109,29701
1,trimMA342_1200rpm_A__DW_11,trimMA342_1200rpm_A__DW_15,train,validation,2,2,end,254387,254387,297,0.099,0.92640397928783,0.9035667181766757,0.9297730527278673,0.9731067452220581,0.9354821720422004,0.9035667181766757,0.3592153336309562,0.2777249142005659,29703
2,trimMA342_1200rpm_A__Dvv_06,trimMA342_1200rpm_Avv__Dvv_05,validation,train,4,5,start,0,0,-339,-0.113,0.9000596673933735,0.9012475816497956,0.8744519691046192,0.9538667626391889,0.9098554377978679,0.8744519691046192,0.4246046683731401,0.33053667444304197,29661
2,trimMA342_1200rpm_A__Dvv_06,trimMA342_1200rpm_Avv__Dvv_05,validation,train,4,5,middle,127193,127194,412,0.13733333333333334,0.9290831819898374,0.9309005810286483,0.9278948876170889,0.9675872836257141,0.9421275840904837,0.9278948876170889,0.34021292129934166,0.26488544147162135,29588
2,trimMA342_1200rpm_A__Dvv_06,trimMA342_1200rpm_Avv__Dvv_05,validation,train,4,5,end,254387,254389,-339,-0.113,0.8946023218880504,0.9091103605740736,0.8499848065191715,0.9553667674266497,0.9048206448399649,0.8499848065191715,0.43630116928569956,0.3359626787245162,29661
5,trimMA342_1200rpm_Avv__D_13,trimMA342_1200rpm_Avv__Dvv_08,test,validation,3,5,start,0,0,46,0.015333333333333332,0.9393594525681838,0.9221847563889399,0.9247044197249475,0.9754710598661583,0.9407867453266819,0.9221847563889399,0.34413152913767703,0.2645521176409801,29954
5,trimMA342_1200rpm_Avv__D_13,trimMA342_1200rpm_Avv__Dvv_08,test,validation,3,5,middle,127194,127193,48,0.016,0.9376829575938573,0.9192137371745268,0.9359098521070698,0.961860660527329,0.9389947499363086,0.9192137371745268,0.3493000144966821,0.2737718441472121,29952
5,trimMA342_1200rpm_Avv__D_13,trimMA342_1200rpm_Avv__Dvv_08,test,validation,3,5,end,254389,254387,49,0.01633333333333333,0.933574150620533,0.9056778388501294,0.9287760853656026,0.9704548220161379,0.93496958207729,0.9056778388501294,0.36063948181725686,0.27966730649537563,29951
7,trimMA342_1200rpm_AW__D_01,trimMA342_1200rpm_AW__D_02,validation,train,1,1,start,0,0,399,0.133,0.9194914568426222,0.9032916925070527,0.9169465008941197,0.9744317132278072,0.9315566355429931,0.9032916925070527,0.369982065665369,0.2827653814912135,29601
7,trimMA342_1200rpm_AW__D_01,trimMA342_1200rpm_AW__D_02,validation,train,1,1,middle,127193,127193,397,0.13233333333333333,0.9269188620431471,0.9222610566693116,0.9141229642836617,0.9788633280475674,0.9384157830001802,0.9141229642836617,0.3509536066200756,0.2686306221249337,29603
7,trimMA342_1200rpm_AW__D_01,trimMA342_1200rpm_AW__D_02,validation,train,1,1,end,254387,254387,99,0.033,0.9079820675690811,0.8878293381926214,0.8751176500552507,0.9692722267639404,0.9107397383372708,0.8751176500552507,0.42251689117177343,0.3214690976064041,29901
8,trimMA342_1200rpm_Avv__Dvv_11,trimMA342_1200rpm_Avv__Dvv_14,validation,test,5,5,start,0,0,128,0.042666666666666665,0.883740986966346,0.8438587827681745,0.8604044821111474,0.9575878849253033,0.8872837166015417,0.8438587827681745,0.4747973955245713,0.3636609430134454,29872
8,trimMA342_1200rpm_Avv__Dvv_11,trimMA342_1200rpm_Avv__Dvv_14,validation,test,5,5,middle,127193,127193,581,0.19366666666666665,0.9202554525843807,0.9308689138270824,0.9217911461720102,0.9621405971713918,0.9382668857234947,0.9217911461720102,0.3513776153271735,0.27629770720652364,29419
8,trimMA342_1200rpm_Avv__Dvv_11,trimMA342_1200rpm_Avv__Dvv_14,validation,test,5,5,end,254387,254387,-168,-0.056,0.9050325068892109,0.901246672494285,0.8704262318982834,0.9591662581509912,0.9102797208478531,0.8704262318982834,0.42360424726895096,0.32713738829117445,29832
9,trimMA342_1200rpm_A__DW_04,trimMA342_1200rpm_A__DW_05,validation,train,2,2,start,0,0,361,0.12033333333333333,0.9082959677847892,0.8916521889578592,0.8943966835778745,0.9709373029409425,0.9189953918255588,0.8916521889578592,0.402503684888576,0.30933348353194684,29639
9,trimMA342_1200rpm_A__DW_04,trimMA342_1200rpm_A__DW_05,validation,train,2,2,middle,127193,127193,57,0.019,0.9359413900433117,0.9243826778482693,0.9102388004309175,0.9789470223264973,0.9378561668685613,0.9102388004309175,0.35254455925865213,0.2685157542151283,29943
9,trimMA342_1200rpm_A__DW_04,trimMA342_1200rpm_A__DW_05,validation,train,2,2,end,254387,254387,511,0.17033333333333334,0.8940627510411634,0.8751481850531246,0.8879293025919647,0.9661611237142134,0.9097462037864341,0.8751481850531246,0.4248618509905678,0.3275218544415295,29489
11,trimMA342_1200rpm_A__DW_10,trimMA342_1200rpm_A__DW_15,test,validation,2,2,start,0,0,-14,-0.004666666666666667,0.9131908665927634,0.8906618304455406,0.8814126594228203,0.9691593905407638,0.9137446268030415,0.8814126594228203,0.4153441300824135,0.3181867877728778,29986
11,trimMA342_1200rpm_A__DW_10,trimMA342_1200rpm_A__DW_15,test,validation,2,2,middle,127193,127193,438,0.146,0.9231961557010996,0.929690084636596,0.9023380523586202,0.9787334958303753,0.9369205442751971,0.9023380523586202,0.3551885575994903,0.26932349808842926,29562
11,trimMA342_1200rpm_A__DW_10,trimMA342_1200rpm_A__DW_15,test,validation,2,2,end,254387,254387,-313,-0.10433333333333333,0.890028202886437,0.8972203868102543,0.8335940839366721,0.9665662518802157,0.8991269075423807,0.8335940839366721,0.4491616467545263,0.34010013606922296,29687
13,trimMA342_1200rpm_A__Dvv_06,trimMA342_1200rpm_A__Dvv_10,validation,test,4,4,start,0,0,-610,-0.20333333333333334,0.8958028015588143,0.9069477147591157,0.870266122336043,0.964081538929828,0.9137651253416622,0.870266122336043,0.4152947740059779,0.31885307207683644,29390
13,trimMA342_1200rpm_A__Dvv_06,trimMA342_1200rpm_A__Dvv_10,validation,test,4,4,middle,127193,127193,142,0.04733333333333333,0.9314803236212317,0.9186212875853718,0.9155541084097315,0.9737730777322603,0.9359828245757879,0.9155541084097315,0.3578188799496514,0.2753759595192469,29858
13,trimMA342_1200rpm_A__Dvv_06,trimMA342_1200rpm_A__Dvv_10,validation,test,4,4,end,254387,254387,144,0.048,0.9387315811224353,0.9241753747787255,0.9348107706040611,0.9710287594396801,0.9433383016074889,0.9241753747787255,0.3366354063152331,0.26172410288392506,29856
15,trimMA342_1200rpm_Avv__D_09,trimMA342_1200rpm_Avv__Dvv_14,validation,test,3,5,start,0,0,166,0.05533333333333333,0.8907924042370633,0.8534847302068173,0.8730308632469376,0.9611779217770514,0.8958978384102688,0.8534847302068173,0.4562941191594112,0.3493284697762495,29834
15,trimMA342_1200rpm_Avv__D_09,trimMA342_1200rpm_Avv__Dvv_14,validation,test,3,5,middle,127193,127193,-134,-0.04466666666666667,0.9306170571595418,0.9247985638420703,0.9072925216192174,0.9714125608541804,0.9345012154384893,0.9072925216192174,0.36193586327279137,0.27690776163469405,29866
15,trimMA342_1200rpm_Avv__D_09,trimMA342_1200rpm_Avv__Dvv_14,validation,test,3,5,end,254387,254387,-135,-0.045,0.9354642321687772,0.9116032754429662,0.9333598908792186,0.9742527855259862,0.9397386506160569,0.9116032754429662,0.34716379242064555,0.2678593770544499,29865
16,trimMA342_1200rpm_AW__D_01,trimMA342_1200rpm_AW__D_08,validation,train,1,1,start,0,0,275,0.09166666666666666,0.9063297736216435,0.8838867156158877,0.8868464214834205,0.9738762180473898,0.9148697850488993,0.8838867156158877,0.4126262593463997,0.3113121618934346,29725
16,trimMA342_1200rpm_AW__D_01,trimMA342_1200rpm_AW__D_08,validation,train,1,1,middle,127193,127193,-25,-0.008333333333333333,0.9328163638330786,0.9052163274588557,0.9209000059244161,0.9753456483603132,0.9338206605811951,0.9052163274588557,0.3638113231300115,0.2794962703603111,29975
16,trimMA342_1200rpm_AW__D_01,trimMA342_1200rpm_AW__D_08,validation,train,1,1,end,254387,254387,426,0.142,0.9115152119478694,0.8849987422537436,0.915432414736174,0.9731157907607327,0.9245156492502168,0.8849987422537436,0.3885469102947117,0.29655911604348295,29574
18,trimMA342_1200rpm_A__DW_06,trimMA342_1200rpm_A__DW_07,validation,test,2,2,start,0,0,89,0.029666666666666668,0.8930854644911689,0.8943232684232564,0.8187348518195161,0.9750116678338684,0.8960232626922137,0.8187348518195161,0.45601916036014467,0.3306536252835071,29911
18,trimMA342_1200rpm_A__DW_06,trimMA342_1200rpm_A__DW_07,validation,test,2,2,middle,127193,127193,-662,-0.22066666666666668,0.9120722878379853,0.9066211229201201,0.914213584388887,0.9800311617614785,0.9336219563568285,0.9066211229201201,0.3643570876027288,0.2758828630771966,29338
18,trimMA342_1200rpm_A__DW_06,trimMA342_1200rpm_A__DW_07,validation,test,2,2,end,254387,254387,85,0.028333333333333332,0.8824229526497548,0.8873550332763763,0.8041130879112581,0.9633294168625607,0.8849325126833985,0.8041130879112581,0.4797238524747368,0.36112600324397415,29915
20,trimMA342_1200rpm_Avv__D_09,trimMA342_1200rpm_Avv__Dvv_13,validation,train,3,5,start,0,0,689,0.22966666666666666,0.9192163494685173,0.9415563219139015,0.9126128090267811,0.970294857414584,0.9414879961184223,0.9126128090267811,0.3420877193983356,0.2659187426854903,29311
20,trimMA342_1200rpm_Avv__D_09,trimMA342_1200rpm_Avv__Dvv_13,validation,train,3,5,middle,127193,127193,-64,-0.021333333333333333,0.9300837978917812,0.9053519044814375,0.9254188061704829,0.9650064595000839,0.9319257233840014,0.9053519044814375,0.3689831340752546,0.28712168767531,29936
20,trimMA342_1200rpm_Avv__D_09,trimMA342_1200rpm_Avv__Dvv_13,validation,train,3,5,end,254387,254387,-63,-0.021,0.9401502965464443,0.92586338671857,0.9288536709457578,0.9711439813298157,0.9419536796647145,0.92586338671857,0.3407237013631009,0.26541739466528896,29937
21,trimMA342_1200rpm_A__Dvv_13,trimMA342_1200rpm_Avv__D_01,train,validation,4,3,start,0,0,-315,-0.105,0.9039996540999914,0.8750279935896688,0.9009044671670225,0.9637319657162667,0.9132214754909861,0.8750279935896688,0.4166017871037374,0.3205783477161396,29685
21,trimMA342_1200rpm_A__Dvv_13,trimMA342_1200rpm_Avv__D_01,train,validation,4,3,middle,127195,127193,-613,-0.20433333333333334,0.912896915778657,0.9041921006987526,0.920686302631548,0.9706223735866236,0.9318335923056414,0.9041921006987526,0.3692327387823527,0.2846003285192473,29387
21,trimMA342_1200rpm_A__Dvv_13,trimMA342_1200rpm_Avv__D_01,train,validation,4,3,end,254390,254387,137,0.04566666666666667,0.8869206935256165,0.8670930805340292,0.854583506179099,0.9527777675739089,0.8914847847623456,0.854583506179099,0.46586524926775663,0.3618391439034991,29863
23,trimMA342_1200rpm_Avv__D_09,trimMA342_1200rpm_Avv__Dvv_00,validation,test,3,5,start,0,0,-40,-0.013333333333333334,0.8418167170481136,0.8533138245466683,0.7216077773389105,0.9537387993617719,0.8428868004157835,0.7216077773389105,0.5605590059649674,0.41403761781456083,29960
23,trimMA342_1200rpm_Avv__D_09,trimMA342_1200rpm_Avv__Dvv_00,validation,test,3,5,middle,127193,127193,259,0.08633333333333333,0.9231025860061393,0.9040127741324829,0.921973093294441,0.9673692048983595,0.9311183574417612,0.9040127741324829,0.3711647681508549,0.2879347094565913,29741
23,trimMA342_1200rpm_Avv__D_09,trimMA342_1200rpm_Avv__Dvv_00,validation,test,3,5,end,254387,254387,261,0.087,0.9361203980153507,0.9232031630955289,0.9378135670954214,0.971896711999577,0.9443044807301758,0.9232031630955289,0.3337529603458952,0.2590069960180042,29739
26,trimMA342_1200rpm_Avv__Dvv_03,trimMA342_1200rpm_Avv__Dvv_10,train,test,5,5,start,0,0,-180,-0.06,0.8881810806398279,0.878754547693166,0.8410171881747533,0.9601308983023265,0.8933008780567485,0.8410171881747533,0.46195047774247455,0.3519336213375368,29820
26,trimMA342_1200rpm_Avv__Dvv_03,trimMA342_1200rpm_Avv__Dvv_10,train,test,5,5,middle,127193,127193,-177,-0.059,0.9250746265012931,0.9153104820582573,0.9179251800603859,0.9568420278456424,0.930025896654762,0.9153104820582573,0.37409652055382064,0.29145599150337903,29823
26,trimMA342_1200rpm_Avv__Dvv_03,trimMA342_1200rpm_Avv__Dvv_10,train,test,5,5,end,254387,254387,-177,-0.059,0.9394018421799312,0.9322444836607912,0.9213923527245319,0.9808471610515564,0.9448279991456264,0.9213923527245319,0.3321806763024413,0.2529879695143222,29823
27,trimMA342_1200rpm_AW__D_08,trimMA342_1200rpm_AW__D_09,train,validation,1,1,start,0,0,277,0.09233333333333334,0.9104044009869562,0.9197925662266344,0.8622890773862666,0.9747783386617607,0.9189533274248872,0.8622890773862666,0.40260817819590605,0.2999830239538023,29723
27,trimMA342_1200rpm_AW__D_08,trimMA342_1200rpm_AW__D_09,train,validation,1,1,middle,127193,127193,-474,-0.158,0.9150682261615274,0.9176989038503036,0.8938216225181354,0.9782878799871697,0.9299361354518695,0.8938216225181354,0.37433638494843274,0.2822086337481056,29526
27,trimMA342_1200rpm_AW__D_08,trimMA342_1200rpm_AW__D_09,train,validation,1,1,end,254387,254387,276,0.092,0.9092529246208402,0.8940360719893595,0.886793858250991,0.9708314765412019,0.9172204689271841,0.886793858250991,0.40688949623408993,0.3094986196225167,29724
28,trimMA342_1200rpm_A__DW_10,trimMA342_1200rpm_A__DW_11,test,train,2,2,start,0,0,140,0.04666666666666667,0.9027501349523793,0.8997032141048922,0.8520833207570337,0.969307703930344,0.9070314129307566,0.8520833207570337,0.4312043299162094,0.32534001881266655,29860
28,trimMA342_1200rpm_A__DW_10,trimMA342_1200rpm_A__DW_11,test,train,2,2,middle,127193,127193,140,0.04666666666666667,0.9255967719571577,0.9064613770677309,0.9097550218398922,0.973503974086146,0.9299067909979231,0.9064613770677309,0.3744147673425215,0.2875742239476793,29860
28,trimMA342_1200rpm_A__DW_10,trimMA342_1200rpm_A__DW_11,test,train,2,2,end,254387,254387,139,0.04633333333333333,0.8912002720627639,0.8854776324349716,0.832243375935878,0.9675371561285014,0.8950860548331171,0.832243375935878,0.45806974396238637,0.34816789504751217,29861
29,trimMA342_1200rpm_A__DW_09,trimMA342_1200rpm_A__DW_15,train,validation,2,2,start,0,0,-216,-0.072,0.9073675083587004,0.8745668192660294,0.8988988309910864,0.9697987821792783,0.9144214774787981,0.8745668192660294,0.41371130639904563,0.3152759157714364,29784
29,trimMA342_1200rpm_A__DW_09,trimMA342_1200rpm_A__DW_15,train,validation,2,2,middle,127193,127193,233,0.07766666666666666,0.9223123217077255,0.9196871713657253,0.8942219184966093,0.9748718511848647,0.9295936470157331,0.8942219184966093,0.375250191163887,0.2852701628292508,29767
29,trimMA342_1200rpm_A__DW_09,trimMA342_1200rpm_A__DW_15,train,validation,2,2,end,254387,254387,232,0.07733333333333334,0.918128154403879,0.9248611705451424,0.8825576122036928,0.9682435272083413,0.9252207699857254,0.8825576122036928,0.38672788886832316,0.2965679531734347,29768
31,trimMA342_1200rpm_A__Dvv_06,trimMA342_1200rpm_A__Dvv_07,validation,train,4,4,start,0,0,132,0.044,0.8692185164260698,0.8650364725152285,0.7858463614496528,0.9690827332709581,0.8733218557452798,0.7858463614496528,0.5033450988233035,0.36679422391852934,29868
31,trimMA342_1200rpm_A__Dvv_06,trimMA342_1200rpm_A__Dvv_07,validation,train,4,4,middle,127193,127193,282,0.094,0.9204517392495517,0.9126249272276324,0.8990767001884011,0.9764183249749077,0.929373317463647,0.8990767001884011,0.3758368862587935,0.284617226729012,29718
31,trimMA342_1200rpm_A__Dvv_06,trimMA342_1200rpm_A__Dvv_07,validation,train,4,4,end,254387,254387,-168,-0.056,0.889666588495099,0.8587771012387988,0.8620286435214469,0.9620408792146597,0.8942822079916352,0.8587771012387988,0.45982125224561937,0.3514914859121765,29832
32,trimMA342_1200rpm_A__DW_06,trimMA342_1200rpm_A__DW_12,validation,train,2,2,start,0,0,174,0.058,0.9191557288133557,0.8912597626938978,0.9126457050689836,0.9694926258314127,0.9244660311980981,0.8912597626938978,0.38867459089038037,0.2990992681651818,29826
32,trimMA342_1200rpm_A__DW_06,trimMA342_1200rpm_A__DW_12,validation,train,2,2,middle,127193,127193,-125,-0.041666666666666664,0.9251156575929164,0.8999090597310622,0.9140474431869628,0.9737258450747338,0.9292274493309196,0.8999090597310622,0.37622480159893873,0.29024781755799206,29875
32,trimMA342_1200rpm_A__DW_06,trimMA342_1200rpm_A__DW_12,validation,train,2,2,end,254387,254387,-127,-0.042333333333333334,0.9132114411079219,0.882167242852368,0.8991641177852677,0.9693277688112032,0.9168863764829464,0.882167242852368,0.40770975832582945,0.3129587229173447,29873
