category,relative_path,bytes,sha256,required_for_handoff,note
release,VERSION.txt,494,94615cbe785afc1df2bcec114c569c68c85bde65fd69c7cc21f216d8ef19c4ce,YES,Release version and environment snapshot.
code,data_pipeline.py,13778,6e185f10eaf800634dd33eb69f201c11de8ebb287f37e036de8758b027e60242,YES,Person-1 processing/QA/release code.
code,extract_archive.py,1541,317f905744d50c9a1e0b00f12f2b5126db08e755c5718a96c10fccaec710366b,YES,Person-1 processing/QA/release code.
loader,loader_v1/README.txt,1015,5b4a8a86172aff72b6def520f42713f71a9be8d63cf7690bdb57de8d5e31286f,YES,Frozen prepared-data loader package.
loader,loader_v1/__init__.py,141,c6e25f8ab752b928fc862677453936d7f6029aff16be3b184f5695ffbe4a9152,YES,Frozen prepared-data loader package.
loader,loader_v1/epson_loader.py,15217,4c32323806525c1fab4e5596380d3c56cc2c582c9582da11b64e0f2d12dfa8f7,YES,Frozen prepared-data loader package.
loader,loader_v1/selftest_loader.py,5651,1f1836fac99ae068075909bce4f7b77a82e2e6d9015443363073367809dcc2fd,YES,Frozen prepared-data loader package.
code,near_duplicate_multisegment.py,9062,0a9cc8a8c15a690b41bd7a73769e6b363ca375b00aa21910e62970b389c93773,YES,Person-1 processing/QA/release code.
code,near_duplicate_screen.py,14646,e465f9c5d4f4faecaac8cc59c41f3cdd16ef6f3ef6fe30605607bedeb21ad981,YES,Person-1 processing/QA/release code.
code,near_duplicate_selftest.py,10074,a4f7b36267b503f90cc8d27e03c9468ea89f9230a71a215c4a1282af02f3d24f,YES,Person-1 processing/QA/release code.
code,near_duplicate_verify.py,15105,affa03e550d5caecf386b511120466548b5ea7087c6c3d3d7c3995e4953daa24,YES,Person-1 processing/QA/release code.
audit,results/audit_v1/audit_report.json,62944,a4cfbcd05fe8d73d396a8aa42fa4c280ed0800efe6127428e29520b5962f40dd,YES,Dataset audit/provenance artifacts.
audit,results/audit_v1/manifest.json,94445,2687d878d1b4805cab2b627ca6f886b3ce8d9b0484254e3e2c032e1d707063df,YES,Dataset audit/provenance artifacts.
audit,results/audit_v1/public_manifest.csv,47552,31bc7b64c98263e03a3fef92bd3b1eada16a58d663c4afda64ebe5e7577d5c54,YES,Dataset audit/provenance artifacts.
prepared,results/prepared_v1/k1/scaler.json,914,1f68e70cc7124a990d9c686fecfecb43be1109a37c96a0c40eff5b9100d0793c,YES,Frozen model-consumable prepared data.
prepared,results/prepared_v1/k1/test.npz,81533102,34c1e93e44c75a70c553c36853c2a76a88351203f2bb4c57038d0ec10f5a0673,YES,Frozen model-consumable prepared data.
prepared,results/prepared_v1/k1/train.npz,44164342,db7de748e6e0e95747519af9241a54f127f15119ac8c9e0f9457bb1a7ae50ddd,YES,Frozen model-consumable prepared data.
prepared,results/prepared_v1/k1/validation.npz,81533102,9d23afcf90d4995542859d2a1696d7130fa79789cbbeec797c9a700c8086f646,YES,Frozen model-consumable prepared data.
prepared,results/prepared_v1/k1/windows.csv,575051,5f51e0c4d9a7e86bc5dfa14ae62ac4df1f27f0658948be0f20d6bc5f76019b10,YES,Frozen model-consumable prepared data.
prepared,results/prepared_v1/k2/scaler.json,1095,9b6ac6b732d7bc250ecf9ba8a00bac83fe2f786b9aa8958e15d448627b6e4a28,YES,Frozen model-consumable prepared data.
prepared,results/prepared_v1/k2/test.npz,81533102,c525156ace1f890a097e6c22c4a2a3065f8fcbaa302cc4f654e2aa2dd13babe0,YES,Frozen model-consumable prepared data.
prepared,results/prepared_v1/k2/train.npz,61150142,fab5d8710be77bcacd1f34b3a7908e8af19e7d8372af8bc3432f61e38c1fa6aa,YES,Frozen model-consumable prepared data.
prepared,results/prepared_v1/k2/validation.npz,81533102,198de24dd48370d90a960f0bd088fac8dbdb066455be4e7205714cd63f6b3889,YES,Frozen model-consumable prepared data.
prepared,results/prepared_v1/k2/windows.csv,621931,160f7282148907547991f53196bf75205d182389790049b7de4615d140e55a2c,YES,Frozen model-consumable prepared data.
prepared,results/prepared_v1/k4/scaler.json,1452,880dee7f7c7a7148352273fcc0eca9ea0e97a4db1f1f39c79699c24781678464,YES,Frozen model-consumable prepared data.
prepared,results/prepared_v1/k4/test.npz,81533102,4f2afc8308bd6bb275ca88efe4b2970dbc1967ecceaea17f3653676388a2b10e,YES,Frozen model-consumable prepared data.
prepared,results/prepared_v1/k4/train.npz,95121742,cc5febf784ccfcfad5bb78210ecae7a4adbcf9157e5ea16f58674099a820bdb2,YES,Frozen model-consumable prepared data.
prepared,results/prepared_v1/k4/validation.npz,81533102,2b3e70d4c215e64d4b6c7a56ed60b360c29e4d813054c2d351cb56295a6d3821,YES,Frozen model-consumable prepared data.
prepared,results/prepared_v1/k4/windows.csv,715691,f4f43a28c2e54b87356518d36054fb850d796d9c149788cea53b66a6d6360fdf,YES,Frozen model-consumable prepared data.
prepared,results/prepared_v1/normal_only/scaler.json,734,cbac14cc837258544127e62ee4144ee1b015df5bf694156fac7d939e456cc615,YES,Frozen model-consumable prepared data.
prepared,results/prepared_v1/normal_only/test.npz,81533102,9330383cc8d432354dfbb57638cc9b40d65a5b6d97daba2ae1230df234ebf07f,YES,Frozen model-consumable prepared data.
prepared,results/prepared_v1/normal_only/train.npz,27166510,a6a640ecd4d7f541fd1a4a56a3053fbb054e34a4d77d4161b5573eb975db56d2,YES,Frozen model-consumable prepared data.
prepared,results/prepared_v1/normal_only/validation.npz,81533102,692c2ae271a9a3d858619bcbf8ed7a43a9a78950cc3f9e6f15f7f78356fee1c3,YES,Frozen model-consumable prepared data.
prepared,results/prepared_v1/normal_only/windows.csv,575547,8f61b732e956e9f92b20e9e7037a22862559171c84fad38fde07ba94d7fcb7b7,YES,Frozen model-consumable prepared data.
prepared,results/prepared_v1/preparation_report.json,24273,28210c0577a60ea50d8bf42cd11125f4d5a1a806b00546bcee3085af3dc2b8e3,YES,Frozen model-consumable prepared data.
prepared,results/prepared_v1/verification.json,2549,3be8cdebe4971da566d4f00a57aeab7468688c456e9a481bd7224c4eb37f65f0,YES,Frozen model-consumable prepared data.
qa,results/qa_v2/access_and_scarcity.csv,3970,256c18b199f14e35418e962c7322a32f42947677ae2cdf792ef1aa007dee312d,YES,QA and protocol evidence.
qa,results/qa_v2/channel_relations_train_k1.csv,4531,725146c7f9e8e7bffcfab89a63c0bb64f3a4a89ee6bb92f0adc7c7d3e4803ff1,YES,QA and protocol evidence.
qa,results/qa_v2/contact_sheet_channel_relation.png,1335315,51fba1abcdc77f6d464dbfd18557d41e9563c5174877d46d8954e6902b2e9f05,YES,QA and protocol evidence.
qa,results/qa_v2/contact_sheet_waveform_psd.png,6353891,98a5b30ca7634ba8b71293f532633ce25667385b36132accb9a9b3bec03089cd,YES,QA and protocol evidence.
qa,results/qa_v2/data_contract.json,14739,6645d70e6f4b3cddc76abffd700eba545478ed5ee81fa62342e4e7e46eebdc83,YES,QA and protocol evidence.
qa,results/qa_v2/dataset_card.txt,3878,267df1f273fb03919afc45e398f3be1329a87244658688822d3afdbb439ef741,YES,QA and protocol evidence.
release,results/qa_v2/environment_reproducibility.txt,816,d3aafe2a266814cc5fc91d09842f717db380cf7532ea59391fbeeb1f8fab1b93,YES,Release version and environment snapshot.
qa,results/qa_v2/figures_train_k1/trimMA342_1200rpm_AW__D_14__channel_relation.png,184155,fa252c95a92c7fc03596178eef98adf0d4b3598aa01fa389b420f6545f03e0d5,YES,QA and protocol evidence.
qa,results/qa_v2/figures_train_k1/trimMA342_1200rpm_AW__D_14__waveform_psd.png,1109177,18d4d556c818e7a8ed94c5421556fb8d0df990aa781f14f0ee28d10d96b9b65d,YES,QA and protocol evidence.
qa,results/qa_v2/figures_train_k1/trimMA342_1200rpm_A__DW_00__channel_relation.png,185456,acab4ad7697e7174ae4834f570aa717e09ec3b9593687dfd0607fa22d9697d89,YES,QA and protocol evidence.
qa,results/qa_v2/figures_train_k1/trimMA342_1200rpm_A__DW_00__waveform_psd.png,1146406,6dd072fdfa51bbe97dc16c18f2a2063ed9439878af44120d1fe23f7b5ccfdb0d,YES,QA and protocol evidence.
qa,results/qa_v2/figures_train_k1/trimMA342_1200rpm_A__D_00__channel_relation.png,185473,94888306a3fdfd65f4d72aa4af77590ce4c7d791daa7edfad94fbd6617228f9f,YES,QA and protocol evidence.
qa,results/qa_v2/figures_train_k1/trimMA342_1200rpm_A__D_00__waveform_psd.png,1129548,64811283ec080ded15b2e411c9dcde4d4d94abdd8c4983f6114e3bb8ed5d2c10,YES,QA and protocol evidence.
qa,results/qa_v2/figures_train_k1/trimMA342_1200rpm_A__D_03__channel_relation.png,185545,486523120af176b6e98dcc2010f902c9777d0ea53b09de986c921ec3f49ab978,YES,QA and protocol evidence.
qa,results/qa_v2/figures_train_k1/trimMA342_1200rpm_A__D_03__waveform_psd.png,1100750,815228365443cd83e4790807025a063fa2c9014dd7de84ba1c5d29162b93c9c0,YES,QA and protocol evidence.
qa,results/qa_v2/figures_train_k1/trimMA342_1200rpm_A__D_06__channel_relation.png,185320,0436e4ab26149adc26a7fca54e51d97d7ff04aee5a43e25321ed86479c3538bc,YES,QA and protocol evidence.
qa,results/qa_v2/figures_train_k1/trimMA342_1200rpm_A__D_06__waveform_psd.png,1108988,6358ab6476779c4c53c5610efe6b1eb9040e78b1648025d4a424cb4d8a69e09c,YES,QA and protocol evidence.
qa,results/qa_v2/figures_train_k1/trimMA342_1200rpm_A__D_07__channel_relation.png,185282,fbcd3afbe08a44ab73d898993a0be417ebf1aaedee0eee7529b922622f7d86ff,YES,QA and protocol evidence.
qa,results/qa_v2/figures_train_k1/trimMA342_1200rpm_A__D_07__waveform_psd.png,1099449,c3583977bef6f7adb394c0cef92cce78b20139f2e684fbe0aed033929e294a00,YES,QA and protocol evidence.
qa,results/qa_v2/figures_train_k1/trimMA342_1200rpm_A__D_09__channel_relation.png,184094,96794147bffc94a38ed729846f13eec45a6584b1ab5a885dfb90d57edc72f5e7,YES,QA and protocol evidence.
qa,results/qa_v2/figures_train_k1/trimMA342_1200rpm_A__D_09__waveform_psd.png,1118264,852beced153942abe3fddf5157a3b31f906d5927fbfa70a0c3070393f754e145,YES,QA and protocol evidence.
qa,results/qa_v2/figures_train_k1/trimMA342_1200rpm_A__D_10__channel_relation.png,184114,ce468e55e587adefcd22d5e2d9d588acefe59ee51334e194253200cbc185ef97,YES,QA and protocol evidence.
qa,results/qa_v2/figures_train_k1/trimMA342_1200rpm_A__D_10__waveform_psd.png,1133276,369141e2bf2327de581442d902957f9a7c3773ca43292a6a7f7a0e091a92ed17,YES,QA and protocol evidence.
qa,results/qa_v2/figures_train_k1/trimMA342_1200rpm_A__D_11__channel_relation.png,184902,292e123a9470b5b7f55cb226f9d54aa693e8540a8d70ead577ee7e1eb391b9b3,YES,QA and protocol evidence.
qa,results/qa_v2/figures_train_k1/trimMA342_1200rpm_A__D_11__waveform_psd.png,1124238,781fe3168087b54385aa0bf8ccbc965d65e620f53a7d6ff93998e566414ef130,YES,QA and protocol evidence.
qa,results/qa_v2/figures_train_k1/trimMA342_1200rpm_A__D_15__channel_relation.png,184620,5f5ceff2d4dd03f82d1d1b3fa22db1cb498c30c80b019eaf820092b2a93acfc8,YES,QA and protocol evidence.
qa,results/qa_v2/figures_train_k1/trimMA342_1200rpm_A__D_15__waveform_psd.png,1104581,0e263dee9077f34083ebca75c8d9dba4eb5360179622db4f6d0701c425c0cb5c,YES,QA and protocol evidence.
qa,results/qa_v2/figures_train_k1/trimMA342_1200rpm_A__Dvv_05__channel_relation.png,185417,8ad4711c29cabae55fc956bbb46693f5756cec1c1e518b79210b8d1e89f3613c,YES,QA and protocol evidence.
qa,results/qa_v2/figures_train_k1/trimMA342_1200rpm_A__Dvv_05__waveform_psd.png,1104976,749247282ec3a937a32e6c87899d1d3ebafa9df00ac04802e46697351115e776,YES,QA and protocol evidence.
qa,results/qa_v2/figures_train_k1/trimMA342_1200rpm_Avv__D_05__channel_relation.png,185563,5b66769857573a3deaa634008850f8cc42f86f14e4b7dac6b7885d4f7a2442d2,YES,QA and protocol evidence.
qa,results/qa_v2/figures_train_k1/trimMA342_1200rpm_Avv__D_05__waveform_psd.png,1114347,2877750e814972e3aa0d31713b3abb571a0bfe1f99c6abcd98b223f01b7a87af,YES,QA and protocol evidence.
qa,results/qa_v2/figures_train_k1/trimMA342_1200rpm_Avv__Dvv_04__channel_relation.png,185427,08aefd1e0fdb5df049440903f9af7b930c21d66045d2b92ebdbbf10ad736e747,YES,QA and protocol evidence.
qa,results/qa_v2/figures_train_k1/trimMA342_1200rpm_Avv__Dvv_04__waveform_psd.png,1111222,e3c0e458fa05c3ef8979f4358011755f59367ab3e1dcb0d2cb1965a5627c2745,YES,QA and protocol evidence.
qa,results/qa_v2/loader_selftest.json,4464,b3fa04a8f0942141554dc1b4234c543b36f4bc3f80df336f4f1f09965f3fcf1f,YES,QA and protocol evidence.
qa,results/qa_v2/near_duplicate_all_pair_distances.csv,531477,f70de06d3eecb60660139090b54cf4dfc47ac6a9b273e37b2f19b22b0ebb29e2,YES,QA and protocol evidence.
qa,results/qa_v2/near_duplicate_candidates.csv,62022,f9a3c04a77aa3153b41b535f78d62a39e59e25ce9216397937c397f0bf3ee72b,YES,QA and protocol evidence.
qa,results/qa_v2/near_duplicate_features.csv,393948,140c7ec602c825f3d05ae1be7ffcf418da9a8075f507bdfde9530d9e1c1a1276,YES,QA and protocol evidence.
qa,results/qa_v2/near_duplicate_multisegment_top20_detail.csv,16660,690570b2931326bc3a1afbde330d134b9612024fd8b46d2ec122b736a96c3637,YES,QA and protocol evidence.
qa,results/qa_v2/near_duplicate_multisegment_top20_summary.csv,7201,b64ee63d3130cadb9e9d84cee08610ea484737761ab0b4a9da7c7a20c58596d0,YES,QA and protocol evidence.
qa,results/qa_v2/near_duplicate_multisegment_top20_summary.json,378,6cc03bbc9fe209c85f5494627b76269477307a45b08f1dbe419a11a15d8aaa48,YES,QA and protocol evidence.
qa,results/qa_v2/near_duplicate_protocol.json,3476,2347ac67ebc1ca824dfecb7c9d5a1bdf720269a78c1d19cb5b2fb92416c9a881,YES,QA and protocol evidence.
qa,results/qa_v2/near_duplicate_review.txt,5630,11502bffb48a261649285dec8ee4477d1f566e17b33c6eb9f1f394ca694bd306,YES,QA and protocol evidence.
qa,results/qa_v2/near_duplicate_screening_summary.json,1258,f6a8976bdc61aed3b52600a617fc969cef57e71323e172530d44bd9d50d957f8,YES,QA and protocol evidence.
qa,results/qa_v2/near_duplicate_selftest.json,3892,1a410d9a00052f1d7c50d2995210c05260fcb7dc199360e09c546eb158c9c74c,YES,QA and protocol evidence.
qa,results/qa_v2/near_duplicate_stage3_final.json,833,4f3ff05afa560b731c26865a8bc9def145656dbfcf17865d62e6b88017166485,YES,QA and protocol evidence.
qa,results/qa_v2/near_duplicate_verification.csv,171281,80e78637f6411a36e7cffe705e0f395b189548591cd4dd581bc7ab841a404216,YES,QA and protocol evidence.
qa,results/qa_v2/near_duplicate_verification_summary.json,1145,bc794b1b92fa1eb29052bfdccde575e481959c8471926e76a3b675646d5623d4,YES,QA and protocol evidence.
release,results/qa_v2/pip_freeze.txt,2815,8e59efbe4c6d418419a071c955f8c2de36c78b3fa49a73a4c3588b1aae932556,YES,Release version and environment snapshot.
qa,results/qa_v2/protocol_frozen.txt,2989,1e673c98e3f31e01196ae2e19064f2df179729aeff61249ea68e2a31c7bc86ff,YES,QA and protocol evidence.
qa,results/qa_v2/signal_qa_protocol.json,5277,6ac17c6acec2cad08232d33d12cb8c6ff9bd133ad7a1834d551c935e9e9183e1,YES,QA and protocol evidence.
qa,results/qa_v2/signal_qc_train_k1.csv,18885,1c29ecf50a1bd3e75351c208684fab547b7104b0613b6357d346241238e9ebc3,YES,QA and protocol evidence.
qa,results/qa_v2/signal_review.txt,4057,0582d748993a85201202f8fad990ec5c1e7aaa7e72d07713ba39341557116df5,YES,QA and protocol evidence.
qa,results/qa_v2/source_register.csv,3229,2136b9dc44b926b61b7351dff06304734309e869f9e0c6214ffcd1c26ef21929,YES,QA and protocol evidence.
split,results/split_seed42/split.csv,50097,1295fa4c96f16c2d4719325c8a6f0a06264f1e4124d83afdb6b5874586727ac8,YES,Frozen recording-level split artifacts.
split,results/split_seed42/split.json,105677,fe9bfb573466c04fcd24440a48cc91404d8fed042984afdc74eebfff89a67ae7,YES,Frozen recording-level split artifacts.
code,signal_qa.py,20187,63bcf61953bc9e8cf209c76160fb23ed76349cec118c7d60d5f95db59f4fdc22,YES,Person-1 processing/QA/release code.
code,stage4_freeze_contracts.py,23393,8757818f0317963aba102e3770064f9af94ddd5a8a56fb88166bcb52d63fb744,YES,Person-1 processing/QA/release code.
code,stage6_reproducibility.py,15317,df694e87e8722c1a6f69dba85730120ff738354d20ac9ee880a9206ce4f0fa97,YES,Person-1 processing/QA/release code.
code,verify_prepared.py,3773,fbc13bf64d5cc27227b50050e1f82279cd4612216decc2da625b710b7327aae8,YES,Person-1 processing/QA/release code.
