recording_id,class_id,config_label,channel,unit,fs_hz,n_samples,duration_s,mean,std,rms,peak_to_peak,min,max,nonfinite_count,constant_run_count,constant_run_total_samples,constant_sample_fraction,longest_constant_run_samples,exact_extreme_count,exact_extreme_fraction,large_jump_count,jump_threshold_abs_mm_s_per_sample,diff_median,diff_robust_sigma,block_mean_min,block_mean_max,block_mean_range,block_std_min,block_std_max,block_rms_min,block_rms_max,automatic_flags
trimMA342_1200rpm_AW__D_14,1,AW__D,X,mm/s,3000.0,284387,94.79566666666666,3.504091714459488e-08,0.0009374873969405004,0.000937487397595371,0.005769014358,-0.002894878387,0.002874135971,0,199,399,0.0014030177188127447,3,2,7.032670269738068e-06,0,0.0015779319687431997,-1.6689299999999956e-06,0.00013149433072859998,-2.0682113833819787e-06,1.823015961600674e-06,3.8912273449826524e-06,0.0009216525712116181,0.0009532482143591051,0.0009216548917676904,0.0009532502267404875,
trimMA342_1200rpm_AW__D_14,1,AW__D,Y,mm/s,3000.0,284387,94.79566666666666,5.386460291785509e-09,0.0008851400520356184,0.0008851400520520079,0.006439447403000001,-0.003098487854,0.003340959549,0,81,162,0.0005696462918487836,2,2,7.032670269738068e-06,0,0.0037666763440487986,7.15255999999935e-07,0.0003138896953373999,-1.2758722343343436e-06,1.1543154806245152e-06,2.430187714958859e-06,0.0008705667116590994,0.000892640358365771,0.0008705674769328144,0.0008926407675825914,
trimMA342_1200rpm_AW__D_14,1,AW__D,Z,mm/s,3000.0,284387,94.79566666666666,-3.168161009821064e-08,0.0009950460370904935,0.0009950460375948544,0.00472331047,-0.002392530441,0.002330780029,0,254,508,0.0017862982485134693,2,2,7.032670269738068e-06,0,0.0012258665198639999,-9.536740000000063e-07,0.000102155543322,-1.9987204837019577e-06,2.2326287358205295e-06,4.231349219522487e-06,0.000975211786382472,0.0010216362027517594,0.0009752133500731245,0.0010216385228273284,
trimMA342_1200rpm_A__DW_00,2,A__DW,X,mm/s,3000.0,284387,94.79566666666666,2.0802217330608195e-08,0.000981391539064208,0.0009813915392846767,0.011574506759999999,-0.007548570633,0.004025936127,0,185,370,0.0013010439999015426,2,2,7.032670269738068e-06,0,0.001590657231290397,-2.3841860000001474e-06,0.00013255476927419977,-1.7773958788635302e-06,2.0411457383078977e-06,3.818541617171428e-06,0.0009705804970879372,0.001002965295794951,0.0009705806786974485,0.001002966870691731,
trimMA342_1200rpm_A__DW_00,2,A__DW,Y,mm/s,3000.0,284387,94.79566666666666,-2.186274224911825e-08,0.0008610820767549499,0.0008610820770324957,0.005941390991,-0.002847909927,0.003093481064,0,106,212,0.0007454630485922352,2,2,7.032670269738068e-06,0,0.0033658307161416002,4.768379999999992e-07,0.0002804858930118,-1.2712359949363523e-06,1.2251574527937e-06,2.496393447730052e-06,0.0008493638079966376,0.0008686575047064505,0.0008493638394429566,0.0008686584349005032,
trimMA342_1200rpm_A__DW_00,2,A__DW,Z,mm/s,3000.0,284387,94.79566666666666,-1.0851727396119951e-08,0.0010582298000524706,0.0010582298001081108,0.006950378417999999,-0.003135919571,0.003814458847,0,243,488,0.0017159715458160887,3,2,7.032670269738068e-06,0,0.0012004160125607993,-1.9073490000000087e-06,0.00010003466771339994,-2.1507302494813493e-06,1.879029143113328e-06,4.029759392594677e-06,0.001044927752464341,0.0010760377841476307,0.0010449294419340952,0.0010760392494098803,
trimMA342_1200rpm_A__D_00,0,A__D,X,mm/s,3000.0,284387,94.79566666666666,-1.565468907861511e-08,0.0009126231801246472,0.0009126231802589137,0.005494832993,-0.002857446671,0.002637386322,0,204,408,0.0014346647350265659,2,2,7.032670269738068e-06,0,0.001420987111437601,-2.622604000000056e-06,0.00011841559261980009,-1.6604794774429498e-06,1.8520929333661536e-06,3.5125724108091034e-06,0.0008948736749031545,0.0009372947568545179,0.0008948749173829773,0.0009372953582247088,
trimMA342_1200rpm_A__D_00,0,A__D,Y,mm/s,3000.0,284387,94.79566666666666,1.0602734312749022e-08,0.0008760083094594922,0.0008760083095236571,0.006100416184,-0.002877235413,0.003223180771,0,102,204,0.0007173323675132829,2,2,7.032670269738068e-06,0,0.0031049629050887997,-4.7683699999998284e-07,0.00025874690875739997,-1.3293979851260585e-06,1.1175383600337559e-06,2.446936345159814e-06,0.0008542639817395192,0.0008965548967031443,0.0008542647127146502,0.0008965548967877282,
trimMA342_1200rpm_A__D_00,0,A__D,Z,mm/s,3000.0,284387,94.79566666666666,-2.653575920840266e-08,0.0010099462521237633,0.0010099462524723692,0.004949569702,-0.002489089966,0.002460479736,0,261,522,0.0018355269404016358,2,2,7.032670269738068e-06,0,0.0012004159947696011,-1.1920929999999653e-06,0.0001000346662308001,-1.923311394929321e-06,2.1883736962866537e-06,4.111685091215974e-06,0.0009918068049232615,0.0010258788640009101,0.0009918083549098897,0.0010258799946553962,
trimMA342_1200rpm_A__D_03,0,A__D,X,mm/s,3000.0,284387,94.79566666666666,-2.528408788728064e-08,0.0008862211087771447,0.000886221109137825,0.005302429199,-0.002602815628,0.002699613571,0,234,468,0.001645644843118708,2,2,7.032670269738068e-06,0,0.0014591628990792,-1.9073490000000087e-06,0.0001215969082566,-1.789426211153695e-06,1.654292449312565e-06,3.44371866046626e-06,0.000862840784447363,0.0009009156031391564,0.000862841057005923,0.0009009160116332038,
trimMA342_1200rpm_A__D_03,0,A__D,Y,mm/s,3000.0,284387,94.79566666666666,5.2721921891647514e-08,0.0008724023903886356,0.0008724023919817084,0.00647687912,-0.003219604492,0.003257274628,0,94,188,0.0006610710053553784,2,2,7.032670269738068e-06,0,0.0033764350897367997,-3.814698000000017e-06,0.0002813695908114,-1.4141804024754722e-06,1.2709006406568683e-06,2.6850810431323403e-06,0.000855602175642279,0.0008912579299936682,0.0008556023635497226,0.0008912589564226781,
trimMA342_1200rpm_A__D_03,0,A__D,Z,mm/s,3000.0,284387,94.79566666666666,-3.091199630433239e-08,0.0009695781261659,0.0009695781266586666,0.004784822464,-0.002437114716,0.002347707748,0,266,534,0.0018777229620200642,4,2,7.032670269738068e-06,0,0.0012258665198639999,-2.3841900000001314e-07,0.000102155543322,-2.173316387474504e-06,1.9456542262465726e-06,4.1189706137210765e-06,0.000953252752247693,0.0009866352048383932,0.0009532545436531019,0.0009866375984780929,
trimMA342_1200rpm_A__D_06,0,A__D,X,mm/s,3000.0,284387,94.79566666666666,9.993243115886756e-10,0.0009021057081815146,0.0009021057081820682,0.00524020195,-0.002634525299,0.002605676651,0,197,394,0.0013854360431383994,2,2,7.032670269738068e-06,0,0.0014803716818519988,-1.6689300000000362e-06,0.0001233643068209999,-1.821942835466628e-06,1.6010320249657153e-06,3.4229748604323434e-06,0.0008861262134203245,0.0009310749043658794,0.0008861262358628828,0.0009310762808940396,
trimMA342_1200rpm_A__D_06,0,A__D,Y,mm/s,3000.0,284387,94.79566666666666,-1.4178336917651915e-08,0.0008690422562215896,0.0008690422563372487,0.006319999695,-0.00305223465,0.003267765045,0,109,218,0.0007665610594014494,2,2,7.032670269738068e-06,0,0.003295841789923198,-2.145768000000022e-06,0.00027465348249359984,-1.4632071565104241e-06,1.0295282926966492e-06,2.4927354492070733e-06,0.0008601851951913657,0.0008786698322920406,0.0008601852240803042,0.0008786699344679188,
trimMA342_1200rpm_A__D_06,0,A__D,Z,mm/s,3000.0,284387,94.79566666666666,4.1124055217010634e-08,0.0009549280666102392,0.0009549280674957446,0.004834890366,-0.002469778061,0.002365112305,0,288,577,0.002028925372819433,3,2,7.032670269738068e-06,0,0.0011919324923352027,-2.3841800000012556e-07,9.932770769460022e-05,-1.9039531925944167e-06,2.148517005274447e-06,4.0524701978688635e-06,0.0009404886315230764,0.0009704481283055845,0.0009404906594374212,0.0009704499189486669,
trimMA342_1200rpm_A__D_07,0,A__D,X,mm/s,3000.0,284387,94.79566666666666,-6.107449085225424e-09,0.0008901969221666251,0.000890196922187576,0.0056138038640000006,-0.002852916718,0.002760887146,0,226,452,0.0015893834809608035,2,2,7.032670269738068e-06,0,0.0014846134152780015,-1.4305114999999804e-06,0.00012371778460650013,-1.5288751720173026e-06,1.7521615239284076e-06,3.28103669594571e-06,0.0008796898255813874,0.0008993061283702096,0.0008796898760141702,0.0008993074279597092,
trimMA342_1200rpm_A__D_07,0,A__D,Y,mm/s,3000.0,284387,94.79566666666666,1.855206008010162e-08,0.0008635429602716696,0.0008635429604709527,0.006103515625,-0.002929210663,0.003174304962,0,95,190,0.0006681036756251165,2,2,7.032670269738068e-06,0,0.0033340175775647997,-3.099441999999974e-06,0.00027783479813039996,-1.1474087986216101e-06,1.0236514574352104e-06,2.1710602560568208e-06,0.000852058356707273,0.0008693151256244275,0.0008520585489636177,0.0008693155815921802,
trimMA342_1200rpm_A__D_07,0,A__D,Z,mm/s,3000.0,284387,94.79566666666666,-2.7064764138305216e-08,0.0009533418806525564,0.000953341881036732,0.004559755326,-0.002285242081,0.002274513245,0,269,538,0.0018917883025595403,2,2,7.032670269738068e-06,0,0.0012004159947695994,0.0,0.00010003466623079995,-1.925273202827201e-06,1.7001010323159134e-06,3.6253742351431146e-06,0.0009403198447197436,0.0009657475298334819,0.0009403217810426827,0.0009657475998074889,
trimMA342_1200rpm_A__D_09,0,A__D,X,mm/s,3000.0,284387,94.79566666666666,3.218546477159623e-08,0.0008954063767196855,0.0008954063772981403,0.005567789078000001,-0.002742767334,0.002825021744,0,232,465,0.0016350958377141008,3,2,7.032670269738068e-06,0,0.0015355144565711997,-2.3841859999999983e-06,0.00012795953804759996,-1.4021835994233297e-06,1.6464538697211557e-06,3.0486374691444854e-06,0.0008747157033285863,0.0009054809669656397,0.0008747166684729737,0.0009054815944982257,
trimMA342_1200rpm_A__D_09,0,A__D,Y,mm/s,3000.0,284387,94.79566666666666,1.1791529408869996e-08,0.0008574608918707964,0.000857460891951873,0.005957126617,-0.002913236618,0.003043889999,0,107,214,0.0007524957188619733,2,2,7.032670269738068e-06,0,0.0032788747850544,-1.9073479999999924e-06,0.00027323956542120003,-1.3748765589703906e-06,1.1556568939798863e-06,2.530533452950277e-06,0.0008438289694991638,0.000880013360600939,0.0008438290698901459,0.0008800136130943034,
trimMA342_1200rpm_A__D_09,0,A__D,Z,mm/s,3000.0,284387,94.79566666666666,-2.522037173640107e-08,0.0009454075512590877,0.0009454075515954862,0.004735946656,-0.002353191376,0.00238275528,0,260,520,0.0018284942701318977,2,2,7.032670269738068e-06,0,0.0011749654874664017,-4.768370000000303e-07,9.791379062220014e-05,-1.968523087696475e-06,1.8574835275501956e-06,3.826006615246671e-06,0.0009218352583694882,0.0009658295310997797,0.0009218352704220841,0.0009658295396333134,
trimMA342_1200rpm_A__D_10,0,A__D,X,mm/s,3000.0,284387,94.79566666666666,-2.1033604929198245e-08,0.0009020568606884184,0.0009020568609336427,0.005557537079,-0.002794265747,0.002763271332,0,200,400,0.0014065340539476136,2,2,7.032670269738068e-06,0,0.00155248146144,-2.145767000000026e-06,0.00012937345512,-1.6137246552621415e-06,1.9022766109567822e-06,3.5160012662189237e-06,0.0008932053945724429,0.0009168641284052224,0.0008932063450452139,0.0009168644214451937,
trimMA342_1200rpm_A__D_10,0,A__D,Y,mm/s,3000.0,284387,94.79566666666666,4.8968592692349856e-09,0.0008493312473352645,0.0008493312473493811,0.005979299545,-0.002920627594,0.003058671951,0,99,198,0.0006962343567040687,2,2,7.032670269738068e-06,0,0.0033594680848680007,-1.4305109999999824e-06,0.00027995567373900005,-1.376068973698091e-06,1.0987676872252879e-06,2.4748366609233786e-06,0.0008406249167362561,0.0008580673777558978,0.0008406255778610763,0.0008580673987089335,
trimMA342_1200rpm_A__D_10,0,A__D,Z,mm/s,3000.0,284387,94.79566666666666,-4.132609995182666e-08,0.0009449269332628208,0.0009449269341665133,0.0048501491550000005,-0.002449512482,0.002400636673,0,246,492,0.0017300368863555648,2,2,7.032670269738068e-06,0,0.0011876907322224,-1.1920929999999924e-06,9.89742276852e-05,-2.029052016034318e-06,2.0686026911878445e-06,4.097654707222162e-06,0.0009324931483406374,0.0009613357240909328,0.0009324932525205547,0.0009613361650559689,
trimMA342_1200rpm_A__D_11,0,A__D,X,mm/s,3000.0,284387,94.79566666666666,-4.9455672551839865e-08,0.0008977870533527448,0.0008977870547149071,0.005546331405,-0.002778291702,0.002768039703,0,242,484,0.0017019062052766125,2,2,7.032670269738068e-06,0,0.001543997941214399,-2.1457669999999987e-06,0.0001286664951011999,-1.7471733332395624e-06,1.9592425448855467e-06,3.7064158781251093e-06,0.0008886038853834244,0.0009114179032544689,0.0008886056030282357,0.0009114180950504068,
trimMA342_1200rpm_A__D_11,0,A__D,Y,mm/s,3000.0,284387,94.79566666666666,1.8856384845299415e-08,0.000855090208313361,0.0008550902085212708,0.006114006042,-0.003015756607,0.003098249435,0,93,186,0.0006540383350856403,2,2,7.032670269738068e-06,0,0.0034146108595872002,-1.1920929999999653e-06,0.0002845509049656,-1.1519107439431772e-06,1.1481046315271277e-06,2.300015375470305e-06,0.0008380274791774558,0.0008656164196907418,0.0008380275923613216,0.0008656171810809115,
trimMA342_1200rpm_A__D_11,0,A__D,Z,mm/s,3000.0,284387,94.79566666666666,1.973498583971924e-08,0.0009482007085944658,0.0009482007087998389,0.004996061325,-0.002319812775,0.00267624855,0,302,605,0.002127382756595766,3,2,7.032670269738068e-06,0,0.0011792072297880018,-9.536740000000606e-07,9.826726914900015e-05,-2.0355156998487974e-06,1.7766665154189667e-06,3.812182215267764e-06,0.000928232535375282,0.000968949154388797,0.0009282339578838514,0.0009689506110079298,
trimMA342_1200rpm_A__D_15,0,A__D,X,mm/s,3000.0,284387,94.79566666666666,2.2630680073281098e-08,0.0008984377098739797,0.0008984377101590009,0.005624055863000001,-0.002676725388,0.002947330475,0,208,416,0.0014627954161055181,2,2,7.032670269738068e-06,0,0.0015567232037616003,-2.1457669999999716e-06,0.00012972693364680002,-1.7119138132428455e-06,1.8045416780125878e-06,3.5164554912554335e-06,0.0008898640985879046,0.0009119901530432498,0.0008898641102858631,0.0009119913141724125,
trimMA342_1200rpm_A__D_15,0,A__D,Y,mm/s,3000.0,284387,94.79566666666666,3.3484092099854925e-09,0.0008565304033731571,0.0008565304033797021,0.005935907363999999,-0.002923488617,0.003012418747,0,89,178,0.0006259076540066881,2,2,7.032670269738068e-06,0,0.0034782371545320004,-4.768370000000303e-07,0.000289853096211,-1.255197774667699e-06,1.1313857795906876e-06,2.3865835542583866e-06,0.000840830461917331,0.000867376451364408,0.000840830750237584,0.000867376459008651,
trimMA342_1200rpm_A__D_15,0,A__D,Z,mm/s,3000.0,284387,94.79566666666666,-2.2651638893479192e-08,0.0009432571360870054,0.0009432571363589868,0.004451990128000001,-0.002176523209,0.002275466919,0,292,584,0.0020535397187635158,2,2,7.032670269738068e-06,0,0.0011707237273536012,-7.15255999999935e-07,9.756031061280011e-05,-1.9714405493160825e-06,1.8337917381764471e-06,3.8052322874925297e-06,0.0009307515622973199,0.0009606320063465056,0.0009307515623062751,0.0009606328156875189,
trimMA342_1200rpm_A__Dvv_05,4,A__Dvv,X,mm/s,3000.0,284387,94.79566666666666,3.0776181541350574e-08,0.0009104978067028573,0.0009104978072229977,0.005452156067,-0.002544641495,0.002907514572,0,210,420,0.0014768607566449943,2,2,7.032670269738068e-06,0,0.0015439979590056003,-1.6689299999999956e-06,0.00012866649658380003,-1.9363471877351523e-06,1.7033287940431842e-06,3.6396759817783365e-06,0.0009025997872673172,0.0009201972276229604,0.0009026018642875926,0.0009201985330796536,
trimMA342_1200rpm_A__Dvv_05,4,A__Dvv,Y,mm/s,3000.0,284387,94.79566666666666,1.6438556252571345e-08,0.0008756350273920576,0.0008756350275463605,0.006252288818,-0.003146409988,0.00310587883,0,91,182,0.0006399729945461642,2,2,7.032670269738068e-06,0,0.0037115335337471974,7.15254999999939e-07,0.0003092944611455998,-1.338762364112662e-06,1.197869333778747e-06,2.536631697891409e-06,0.0008633839435150134,0.0008831505512509629,0.0008633847509129179,0.0008831513636211067,
trimMA342_1200rpm_A__Dvv_05,4,A__Dvv,Z,mm/s,3000.0,284387,94.79566666666666,-3.791649012437269e-08,0.0009790095523912626,0.0009790095531255047,0.004547357559,-0.002250432968,0.002296924591,0,303,608,0.0021379317620003726,3,2,7.032670269738068e-06,0,0.0012046577370911995,-2.3841900000001314e-07,0.00010038814475759997,-1.960206647913074e-06,2.257007978761561e-06,4.217214626674635e-06,0.0009624991412535875,0.0009994412328025888,0.0009624991887241591,0.0009994412720838745,
trimMA342_1200rpm_Avv__D_05,3,Avv__D,X,mm/s,3000.0,284387,94.79566666666666,2.1697584696206188e-08,0.0009078483580987105,0.0009078483583579967,0.005690336228,-0.002886295319,0.002804040909,0,199,398,0.0013995013836778755,2,2,7.032670269738068e-06,0,0.0015652067061959994,-1.6689299999999956e-06,0.00013043389218299995,-1.7212030645263355e-06,1.528640433559549e-06,3.2498434980858847e-06,0.0008944313431781817,0.000921301226245147,0.0008944329992791611,0.0009213012335018171,
trimMA342_1200rpm_Avv__D_05,3,Avv__D,Y,mm/s,3000.0,284387,94.79566666666666,-6.680049706913442e-09,0.0008845355099573193,0.0008845355099825434,0.006534576416,-0.003347158432,0.003187417984,0,73,146,0.0005133849296908789,2,2,7.032670269738068e-06,0,0.0038303026123068006,2.3841850000001514e-07,0.00031919188435890005,-1.5559203693167813e-06,1.215088858082212e-06,2.771009227398993e-06,0.0008693116908865638,0.0008946759586493901,0.0008693120342912949,0.0008946762765383823,
trimMA342_1200rpm_Avv__D_05,3,Avv__D,Z,mm/s,3000.0,284387,94.79566666666666,-2.1998556815184414e-08,0.0009535921338267391,0.0009535921340804831,0.004656791687000001,-0.002355098724,0.002301692963,0,250,502,0.0017652002377042551,3,2,7.032670269738068e-06,0,0.0011961742524479982,4.768370000000303e-07,9.968118770399984e-05,-1.8637376260065403e-06,2.059811107317418e-06,3.923548733323958e-06,0.0009424058245056089,0.0009645406214943293,0.0009424078218304933,0.0009645411592639558,
trimMA342_1200rpm_Avv__Dvv_04,5,Avv__Dvv,X,mm/s,3000.0,284387,94.79566666666666,-2.613669917401305e-08,0.000935492150011803,0.0009354921503769194,0.0060572624209999995,-0.003015995026,0.003041267395,0,202,404,0.0014205993944870897,2,2,7.032670269738068e-06,0,0.0015609649638744004,-1.6689299999999956e-06,0.00013008041365620003,-1.8197409765814537e-06,1.9911166443264525e-06,3.810857620907906e-06,0.0009204115257619912,0.0009505216487934866,0.0009204126014507028,0.0009505237342489557,
trimMA342_1200rpm_Avv__Dvv_04,5,Avv__Dvv,Y,mm/s,3000.0,284387,94.79566666666666,4.021527319110998e-08,0.0008854571702798448,0.000885457171193084,0.0061545372009999995,-0.003000020981,0.00315451622,0,85,170,0.0005977769729277358,2,2,7.032670269738068e-06,0,0.0038133356163336006,4.7683699999997607e-07,0.00031777796802780005,-1.2791472404796223e-06,1.1471572922746948e-06,2.426304532754317e-06,0.0008692199061460873,0.000901596580992591,0.000869220261465203,0.0009015973107920092,
trimMA342_1200rpm_Avv__Dvv_04,5,Avv__Dvv,Z,mm/s,3000.0,284387,94.79566666666666,-3.986986794051824e-08,0.0009992601022770116,0.0009992601030724031,0.0049593448630000005,-0.002548217773,0.00241112709,0,241,482,0.0016948735350068745,2,2,7.032670269738068e-06,0,0.0012088995149952017,4.7683699999992186e-07,0.00010074162624960014,-2.343433557684869e-06,2.0414344591230364e-06,4.384868016807905e-06,0.0009738239413333876,0.0010310973187682576,0.0009738249042878593,0.0010310999817922262,
