"information","value","source_or_link","checked_date","evidence_type","status"
"Dataset","Epson Rotor Kit Vibration Dataset","https://www.epsondevice.com/sensing/en/dataset/index.html","2026-10-04","source","VERIFIED"
"Apparatus","Shinkawa Electric rotor kit AA31-020","Epson dataset page / paper Section IV-A","2026-10-04","source","VERIFIED"
"Sensor","Seiko Epson 3-axis digital quartz vibration sensor M-A342","Epson dataset page / paper Section IV-A","2026-10-04","source","VERIFIED"
"Channels","X;Y;Z","Epson dataset page + public_manifest.csv","2026-10-04","source+file","VERIFIED"
"Measured quantity","Vibration velocity","Epson dataset page","2026-10-04","source","VERIFIED"
"Unit","mm/s","Epson dataset page + public_manifest.csv","2026-10-04","source+file","VERIFIED"
"Sampling frequency","3000 Hz","Epson dataset page / paper Section IV-A","2026-10-04","source","VERIFIED"
"Rotation speed","1200 RPM","Epson dataset page / paper Section IV-A","2026-10-04","source","VERIFIED"
"Class 0","A__D = Normal, no washer","Epson dataset page + manifest filename mapping","2026-10-04","source+file","VERIFIED"
"Class 1","AW__D = Thick washer on left","Epson dataset page + manifest filename mapping","2026-10-04","source+file","VERIFIED"
"Class 2","A__DW = Thick washer on right","Epson dataset page + manifest filename mapping","2026-10-04","source+file","VERIFIED"
"Class 3","Avv__D = Thin washer on left","Epson dataset page + manifest filename mapping","2026-10-04","source+file","VERIFIED"
"Class 4","A__Dvv = Thin washer on right","Epson dataset page + manifest filename mapping","2026-10-04","source+file","VERIFIED"
"Class 5","Avv__Dvv = Thin washers on both sides","Epson dataset page + manifest filename mapping","2026-10-04","source+file","VERIFIED"
"Number of files","96 files total; 16 files per class","Epson dataset page + public_manifest.csv","2026-10-04","source+file","VERIFIED"
"Dataset version used","Trimmed data","Epson dataset page","2026-10-04","source","VERIFIED"
"Trim preprocessing","Provider removed first 30000 samples (10 s); pipeline does not remove them again","Epson dataset page + project pipeline policy","2026-10-04","source+file","VERIFIED"
"Archive SHA256","aff2b544ad7c3c4c219cb35414c3b0560012af8b3da01854da69bf355fc884c8","person1_data/data/raw_epson/archive_integrity.json","2026-10-04","file","VERIFIED"
"Archive entries","96","archive_integrity.json","2026-10-04","file","VERIFIED"
"Archive CRC","All 96 entries crc_checked=true","archive_integrity.json","2026-10-04","file","VERIFIED"
"Recording ID meaning","File identifier only; not a verified session identifier","public_manifest.csv","2026-10-04","file","VERIFIED"
"Session metadata","No per-file session/date/remount metadata available in current project evidence","public_manifest.csv + project documentation","2026-10-04","file","OPEN-LIMITATION"
"Dataset usage/license","No explicit dataset-specific redistribution/commercial license verified in current evidence","Epson dataset distribution page","2026-10-04","source","OPEN-LIMITATION"
"Prepared data","prepared_v1 exists and verification report is present","prepared_v1/preparation_report.json; verification.json","2026-10-04","file","VERIFIED"
