frequency_hz,real_mean_psd,synthetic_sample_psd
0.000000000000000000e+00,6.769432221474667637e-10,2.050081428588797424e-11
5.859375000000000000e+00,1.714800015196852471e-10,1.595003308375793407e-11
1.171875000000000000e+01,3.290298098902303116e-09,1.112979417231679109e-10
1.757812500000000000e+01,5.533393291643661262e-08,1.677248732419596662e-09
2.343750000000000000e+01,4.391897796611787213e-08,1.403802331700154037e-09
2.929687500000000000e+01,1.168495046771756145e-09,1.000582520104024687e-10
3.515625000000000000e+01,6.433479847214296356e-10,2.363233846728857984e-11
4.101562500000000000e+01,1.463676752957774587e-09,2.447470473067079951e-11
4.687500000000000000e+01,3.393041248095468117e-10,1.197548940773276786e-11
5.273437500000000000e+01,2.729574384168383225e-10,6.555862475396611002e-12
5.859375000000000000e+01,1.048164262977954824e-09,1.560371332463446075e-11
6.445312500000000000e+01,1.239309872153657962e-09,2.559207113468330085e-11
7.031250000000000000e+01,6.514880876739564567e-09,7.378614067788658938e-11
7.617187500000000000e+01,4.429424048690430651e-09,7.677924360843896927e-11
8.203125000000000000e+01,1.479837769179349898e-09,5.183246532162950164e-11
8.789062500000000000e+01,9.312423302777840210e-10,1.412027843888705264e-11
9.375000000000000000e+01,6.246149963814835402e-10,1.583201709835570688e-11
9.960937500000000000e+01,7.094317302808838109e-10,2.924369444035853052e-11
1.054687500000000000e+02,6.251143612895654858e-10,1.401812532727258654e-11
1.113281250000000000e+02,9.675031271304776819e-10,9.249268203831383870e-12
1.171875000000000000e+02,1.412136666290520019e-09,1.685115516752967444e-11
1.230468750000000000e+02,2.000751017132953261e-09,1.724869099895116634e-11
1.289062500000000000e+02,1.383185055758466567e-09,1.185125315449866964e-11
1.347656250000000000e+02,7.318286628355585670e-10,9.521910331428988227e-12
1.406250000000000000e+02,9.756097482408757585e-10,1.472144916922576150e-11
1.464843750000000000e+02,1.013016323755154958e-09,8.636539970880776923e-12
1.523437500000000000e+02,1.704585437960163674e-10,3.726245509872210404e-12
1.582031250000000000e+02,1.334799023978109531e-10,2.336386551246756196e-12
1.640625000000000000e+02,2.079825806133846988e-10,2.749320448658430277e-12
1.699218750000000000e+02,1.200298391236460424e-10,1.972621749812263050e-12
1.757812500000000000e+02,2.154023969252856945e-10,4.044110902187914870e-12
1.816406250000000000e+02,6.472470378312615369e-10,6.026526698327807421e-12
1.875000000000000000e+02,4.839417285125051331e-10,2.040064212533763450e-12
1.933593750000000000e+02,1.239645192220700597e-10,1.179941376559464570e-12
1.992187500000000000e+02,3.525310447109058806e-10,1.415264418941578843e-12
2.050781250000000000e+02,4.277412725957435666e-10,1.172493073913254254e-12
2.109375000000000000e+02,2.087494713581605599e-10,8.739263608373253811e-13
2.167968750000000000e+02,3.129140073037203529e-10,1.406348623692892442e-12
2.226562500000000000e+02,2.608360076926719747e-10,1.397764678286754672e-12
2.285156250000000000e+02,2.181274025464677340e-10,5.685807542196786423e-13
2.343750000000000000e+02,4.803658517719841237e-10,8.409050978166942317e-13
2.402343750000000000e+02,3.491419130608783297e-10,1.368756027259975617e-12
2.460937500000000000e+02,2.404768039744886865e-10,1.045142052503126788e-12
2.519531250000000000e+02,6.334926030444873096e-10,7.621199295536264903e-13
2.578125000000000000e+02,1.112903751355959241e-09,8.566311771851269641e-13
2.636718750000000000e+02,7.594670952113372525e-10,9.973526565635516412e-13
2.695312500000000000e+02,8.095706801520221035e-10,6.808804846251985070e-13
2.753906250000000000e+02,1.553320065737049098e-09,7.413580672787922129e-13
2.812500000000000000e+02,1.997852182205418894e-09,1.091582964166137415e-12
2.871093750000000000e+02,2.980986246506929706e-09,8.614802474477938185e-13
2.929687500000000000e+02,1.404485672976918719e-09,7.115881553581466732e-13
2.988281250000000000e+02,5.326134880066846859e-10,6.865627885146490505e-13
3.046875000000000000e+02,2.032606524336455775e-10,4.482672377832507322e-13
3.105468750000000000e+02,1.720316642998923960e-10,4.533282663723729371e-13
3.164062500000000000e+02,1.316033770916820569e-10,5.857236670701900966e-13
3.222656250000000000e+02,9.801809699120494521e-11,5.051873861696938456e-13
3.281250000000000000e+02,1.342720854023359974e-10,2.529918003117341457e-13
3.339843750000000000e+02,5.266432508172065386e-11,2.289457171975744483e-13
3.398437500000000000e+02,4.268839571705862072e-11,2.904550222814112533e-13
3.457031250000000000e+02,6.642952961266061658e-11,2.444280037963623407e-13
3.515625000000000000e+02,6.342330003170330385e-11,2.140945237079196105e-13
3.574218750000000000e+02,4.085582980940030493e-11,5.973041573083816989e-13
3.632812500000000000e+02,2.780611040331686741e-11,5.361989291145035638e-13
3.691406250000000000e+02,1.306792679568146148e-11,1.302040412892986329e-13
3.750000000000000000e+02,1.648242613625181300e-11,2.324807606694202954e-13
3.808593750000000000e+02,1.500006492425437202e-11,3.491942744949112127e-13
3.867187500000000000e+02,2.158064272695264705e-11,1.888077076337103882e-13
3.925781250000000000e+02,1.683645054326885465e-11,3.199058321250794023e-13
3.984375000000000000e+02,1.947132984409768375e-11,4.272649010242236176e-13
4.042968750000000000e+02,1.595165336233210628e-11,3.430668725456324740e-13
4.101562500000000000e+02,1.116346856996399506e-11,1.960527913555873367e-13
4.160156250000000000e+02,8.189547892936076665e-12,3.937219819936281462e-13
4.218750000000000000e+02,8.391503597634593024e-12,4.030725043267655958e-13
4.277343750000000000e+02,7.527229322663201482e-12,1.962816419854918684e-13
4.335937500000000000e+02,7.139089265076555734e-12,1.534378336793986474e-13
4.394531250000000000e+02,5.063729158158762470e-12,1.991821334936828657e-13
4.453125000000000000e+02,4.165373508196529512e-12,1.891061237634307171e-13
4.511718750000000000e+02,3.337108619890736101e-12,2.516061434298372000e-13
4.570312500000000000e+02,3.376075433848656837e-12,3.087932136282222796e-13
4.628906250000000000e+02,3.831292370532067208e-12,2.654713353087516986e-13
4.687500000000000000e+02,4.006029972333866863e-12,4.254880272329852297e-13
4.746093750000000000e+02,4.049814216435907608e-12,4.740677790885059231e-13
4.804687500000000000e+02,3.474083532386699940e-12,4.430434291587570639e-13
4.863281250000000000e+02,3.896521734015069333e-12,3.078753653062775229e-13
4.921875000000000000e+02,4.002833961318726798e-12,2.743477553039892223e-13
4.980468750000000000e+02,4.144032552117272500e-12,4.931375737644291216e-13
5.039062500000000000e+02,4.106473000460436361e-12,3.966005166620252785e-13
5.097656250000000000e+02,3.279600919119095629e-12,2.147125820061627107e-13
5.156250000000000000e+02,3.078384086255839975e-12,3.066402355778480684e-13
5.214843750000000000e+02,2.915411535662730555e-12,3.656748859010431547e-13
5.273437500000000000e+02,3.776878575472882297e-12,1.487853701217311868e-13
5.332031250000000000e+02,5.624826710581797740e-12,2.008170236785026812e-13
5.390625000000000000e+02,4.956476508147446204e-12,2.403299476739064912e-13
5.449218750000000000e+02,6.091525599600687728e-12,2.076673077053916203e-13
5.507812500000000000e+02,4.783134670837074939e-12,2.086426357934144315e-13
5.566406250000000000e+02,3.950530116793780049e-12,4.116892330527185683e-13
5.625000000000000000e+02,3.625003231495173072e-12,3.669485209526050338e-13
5.683593750000000000e+02,4.303773755743684176e-12,2.113574652616668191e-13
5.742187500000000000e+02,5.355254773986461165e-12,2.703848521100826387e-13
5.800781250000000000e+02,5.790779765414183908e-12,6.140597496562204939e-13
5.859375000000000000e+02,5.807253592776818953e-12,2.923836548999650073e-13
5.917968750000000000e+02,7.076450996516300956e-12,4.229147832090963457e-13
5.976562500000000000e+02,8.338127840544965833e-12,2.635973976767914380e-12
6.035156250000000000e+02,1.123864063828116932e-11,2.118047782638851575e-12
6.093750000000000000e+02,1.332913069546291896e-11,3.194574734407068289e-13
6.152343750000000000e+02,1.121506431566446480e-11,2.909131218742227048e-13
6.210937500000000000e+02,8.195168948481984136e-12,3.859726748749823835e-13
6.269531250000000000e+02,7.149653745607176252e-12,2.272829503493963686e-13
6.328125000000000000e+02,5.368383238769649582e-12,2.054401976102833846e-13
6.386718750000000000e+02,3.944633449684267318e-12,4.177525564796710829e-13
6.445312500000000000e+02,4.298558353495649586e-12,3.030773229835540203e-13
6.503906250000000000e+02,4.493636715966438435e-12,1.299037708959105893e-13
6.562500000000000000e+02,2.988709257502007600e-12,1.714063227813055534e-13
6.621093750000000000e+02,2.450323637100943196e-12,1.741733820719299665e-13
6.679687500000000000e+02,2.352167181129412426e-12,1.380308002537096839e-13
6.738281250000000000e+02,2.041008616536441471e-12,2.123708366626479403e-13
6.796875000000000000e+02,1.855559122223742072e-12,5.608226772416299318e-13
6.855468750000000000e+02,1.829395722086195522e-12,2.695566975741428847e-13
6.914062500000000000e+02,1.699674698099834719e-12,1.370302812697356676e-13
6.972656250000000000e+02,1.701120352803488696e-12,6.032350064174777273e-13
7.031250000000000000e+02,1.851020192852418394e-12,5.362450892042852441e-13
7.089843750000000000e+02,1.799310351965180332e-12,1.280737616439409740e-13
7.148437500000000000e+02,1.856758317616744684e-12,1.980428289455017240e-13
7.207031250000000000e+02,1.766860578137755501e-12,2.889624511075125091e-13
7.265625000000000000e+02,1.741218220957677309e-12,2.700193340157314523e-13
7.324218750000000000e+02,1.513569864569969504e-12,1.823094476685095971e-13
7.382812500000000000e+02,1.499904203176011561e-12,1.340157684467459893e-13
7.441406250000000000e+02,1.611679157040702849e-12,1.438826122330730041e-13
7.500000000000000000e+02,1.569300250870077612e-12,1.318251706326595327e-13
7.558593750000000000e+02,1.774452407054216811e-12,1.306725951034095734e-13
7.617187500000000000e+02,1.650148519376887738e-12,1.530809821529886824e-13
7.675781250000000000e+02,1.675949251320735731e-12,1.160358700048505502e-13
7.734375000000000000e+02,1.806229062942806718e-12,1.290486388964584235e-13
7.792968750000000000e+02,1.780899247274784593e-12,2.483528886902138940e-13
7.851562500000000000e+02,2.156557174117145282e-12,2.250337481835133643e-13
7.910156250000000000e+02,2.193481285821079019e-12,1.545668846879980307e-13
7.968750000000000000e+02,1.862469447132458374e-12,2.714901832842926828e-13
8.027343750000000000e+02,1.687792277213780809e-12,2.549823083276508688e-13
8.085937500000000000e+02,1.686042668417377952e-12,1.410592293773551486e-13
8.144531250000000000e+02,1.932836596276978938e-12,1.061515845197958991e-13
8.203125000000000000e+02,1.860149754007191015e-12,1.244650599600211145e-13
8.261718750000000000e+02,1.932912452633112881e-12,8.904992525067197922e-14
8.320312500000000000e+02,1.850701524780122885e-12,1.281435306940783767e-13
8.378906250000000000e+02,1.849359175836686764e-12,2.374504181408866964e-13
8.437500000000000000e+02,1.740042278795958110e-12,2.268596102382186881e-13
8.496093750000000000e+02,1.799244220573051067e-12,1.266846733670354282e-13
8.554687500000000000e+02,1.912112121739815071e-12,9.369541175906202565e-14
8.613281250000000000e+02,2.021157222373062445e-12,1.135415412955083633e-13
8.671875000000000000e+02,2.078908016555579037e-12,1.129678262902924801e-13
8.730468750000000000e+02,1.769082956991577578e-12,1.822012816071416702e-13
8.789062500000000000e+02,1.788500198846901358e-12,2.999046605867995320e-13
8.847656250000000000e+02,1.874735984279257430e-12,2.951726825236921178e-13
8.906250000000000000e+02,1.927958289026539220e-12,2.089714347404212853e-13
8.964843750000000000e+02,1.956056416050058449e-12,3.836710702451904817e-13
9.023437500000000000e+02,1.884236759745310650e-12,4.762159092913144300e-13
9.082031250000000000e+02,2.025878038472334175e-12,1.631810550709405931e-13
9.140625000000000000e+02,2.124136499306285740e-12,1.767404911456847174e-13
9.199218750000000000e+02,2.529339308094538861e-12,2.633110147303217185e-13
9.257812500000000000e+02,3.646912559306990871e-12,1.850888637765237072e-13
9.316406250000000000e+02,3.008074223395324684e-12,1.303321665562212676e-13
9.375000000000000000e+02,2.403873596500131774e-12,1.324423171431044368e-13
9.433593750000000000e+02,2.214613843248852938e-12,1.280815147346398200e-13
9.492187500000000000e+02,2.270237096722412913e-12,1.373165416623756293e-13
9.550781250000000000e+02,2.130920940709780368e-12,3.548918565291664154e-13
9.609375000000000000e+02,2.109809236922509023e-12,7.330749527603855686e-13
9.667968750000000000e+02,2.210161163786891297e-12,3.453304027705277470e-13
9.726562500000000000e+02,2.002588522439070037e-12,2.044482658858383459e-13
9.785156250000000000e+02,2.083886002754179469e-12,2.339633499624891564e-13
9.843750000000000000e+02,2.120636773427615176e-12,1.948778188237261088e-13
9.902343750000000000e+02,2.186167066985906772e-12,1.632776167620925823e-13
9.960937500000000000e+02,2.418274043872660288e-12,4.820504512069998042e-13
1.001953125000000000e+03,2.262685580163566119e-12,5.988915689839716335e-13
1.007812500000000000e+03,2.007234069662320284e-12,2.515581848775829570e-13
1.013671875000000000e+03,1.832225123344648998e-12,2.758984141182311514e-13
1.019531250000000000e+03,1.831757149795468923e-12,3.006164743991961838e-13
1.025390625000000000e+03,1.838359194446837055e-12,1.795069701983023269e-13
1.031250000000000000e+03,1.464258798439040892e-12,1.300834068170497627e-13
1.037109375000000000e+03,1.405309731771304371e-12,2.390582753160990709e-13
1.042968750000000000e+03,1.306870918998558070e-12,2.191505858118188221e-13
1.048828125000000000e+03,1.156654989950174179e-12,1.490459483609800527e-13
1.054687500000000000e+03,1.043662514393026515e-12,2.465542224677130349e-13
1.060546875000000000e+03,1.031248093953631615e-12,3.873218851876336003e-13
1.066406250000000000e+03,9.829470426966473638e-13,3.126422861757271839e-13
1.072265625000000000e+03,7.636417541523285008e-13,2.363874358406617068e-13
1.078125000000000000e+03,8.244491658436365070e-13,3.451326015034111647e-13
1.083984375000000000e+03,7.949028945870620786e-13,3.033047675092791708e-13
1.089843750000000000e+03,5.753717640001757572e-13,2.414257873592897357e-13
1.095703125000000000e+03,5.167300640823181520e-13,3.351488637392140385e-13
1.101562500000000000e+03,5.138385369573612620e-13,5.348943640503094870e-13
1.107421875000000000e+03,4.294543846124780904e-13,2.102328717746890740e-13
1.113281250000000000e+03,3.553013150098972205e-13,1.454439466109121039e-13
1.119140625000000000e+03,3.008720384075335292e-13,1.338252749743337427e-13
1.125000000000000000e+03,2.266087913284897362e-13,1.457617760771246313e-13
1.130859375000000000e+03,2.210978894597077783e-13,1.654054517816971812e-13
1.136718750000000000e+03,1.544720001420214339e-13,3.119724447451061323e-13
1.142578125000000000e+03,8.668187013713392054e-14,3.026821743838323056e-13
1.148437500000000000e+03,7.840347885363022661e-14,1.773032876720620657e-13
1.154296875000000000e+03,8.290141287523337752e-14,2.240927969587872077e-13
1.160156250000000000e+03,4.442483816597209497e-14,2.311693455338244707e-13
1.166015625000000000e+03,2.894940690820505129e-14,1.992392385199494718e-13
1.171875000000000000e+03,2.193527245669940747e-14,1.856973101867125200e-13
1.177734375000000000e+03,1.309137234873458185e-14,4.242898115467459805e-13
1.183593750000000000e+03,7.974790695697391925e-15,3.360124426959792874e-13
1.189453125000000000e+03,4.229899148513089213e-15,1.213083151676393510e-13
1.195312500000000000e+03,2.254435584242532616e-15,1.186338091038142163e-12
1.201171875000000000e+03,1.362192355771689694e-15,2.451763808967792397e-12
1.207031250000000000e+03,4.927536785267612368e-16,4.015562417655016321e-13
1.212890625000000000e+03,1.619166672473541899e-16,1.544987955889510504e-13
1.218750000000000000e+03,5.878772838207142020e-17,2.420730449494019802e-13
1.224609375000000000e+03,2.736733711850012101e-17,1.632073665210225849e-13
1.230468750000000000e+03,1.059444536154854764e-17,9.949050775644251260e-14
1.236328125000000000e+03,5.154112935449605990e-18,2.231301386334250826e-13
1.242187500000000000e+03,4.512601703437633444e-18,2.971407888555263600e-13
1.248046875000000000e+03,4.376390938978381735e-18,1.855361289615281942e-13
1.253906250000000000e+03,4.376207851397423150e-18,1.993006835041399549e-13
1.259765625000000000e+03,4.360680209071331904e-18,4.044386725089435999e-13
1.265625000000000000e+03,4.377523454856899384e-18,2.687237051620586348e-13
1.271484375000000000e+03,4.245993099184813516e-18,2.681315400984152976e-13
1.277343750000000000e+03,4.258823106628787390e-18,3.872181110756036295e-13
1.283203125000000000e+03,4.256020244052182963e-18,3.900328434651346085e-13
1.289062500000000000e+03,4.238692471107880203e-18,2.845410827749736836e-13
1.294921875000000000e+03,4.274257185659808275e-18,3.088484695373584256e-13
1.300781250000000000e+03,4.362583723893739223e-18,3.368786619548649136e-13
1.306640625000000000e+03,4.360181436568219902e-18,2.769916148320570491e-13
1.312500000000000000e+03,4.313964173170934822e-18,5.369766587853192690e-13
1.318359375000000000e+03,4.358713801854544010e-18,1.182271592766261604e-12
1.324218750000000000e+03,4.305630387772239719e-18,7.871710209419410278e-13
1.330078125000000000e+03,4.414258829109484714e-18,2.666670380389748828e-13
1.335937500000000000e+03,4.368656503384288164e-18,2.109879782386322319e-13
1.341796875000000000e+03,4.266658414756935532e-18,1.532180834713164467e-13
1.347656250000000000e+03,4.429775162347836980e-18,1.750001305333254833e-13
1.353515625000000000e+03,4.350579719166200602e-18,1.876568513181165766e-13
1.359375000000000000e+03,4.210675153776078377e-18,1.922423899274954364e-13
1.365234375000000000e+03,4.230908893920034229e-18,1.603722052651674046e-13
1.371093750000000000e+03,4.252328284052046654e-18,1.973378972650023735e-13
1.376953125000000000e+03,4.367248672555639682e-18,2.491976832822444433e-13
1.382812500000000000e+03,4.355569909608912595e-18,2.028069515346712626e-13
1.388671875000000000e+03,4.463695871639423919e-18,1.399564691881940298e-13
1.394531250000000000e+03,4.549995230480656166e-18,2.460500486990326835e-13
1.400390625000000000e+03,4.311365225011486191e-18,3.973921192725126328e-13
1.406250000000000000e+03,4.335141499489079203e-18,2.240503181540503180e-13
1.412109375000000000e+03,4.433028726860335026e-18,1.458835937901183202e-13
1.417968750000000000e+03,4.440052560361481015e-18,2.570311087011076584e-13
1.423828125000000000e+03,4.496041059048442608e-18,2.493697947104668629e-13
1.429687500000000000e+03,4.606560511107527313e-18,2.045250081652414725e-13
1.435546875000000000e+03,4.643686400319971115e-18,3.864475222962341715e-13
1.441406250000000000e+03,4.699575754498655640e-18,5.258694450661948484e-13
1.447265625000000000e+03,4.869261721232253224e-18,2.151715452641028553e-13
1.453125000000000000e+03,5.192937153277615957e-18,1.576447815034166117e-13
1.458984375000000000e+03,5.902158960821383437e-18,2.735974467633019970e-13
1.464843750000000000e+03,6.385710201505465186e-18,2.183928123708186366e-13
1.470703125000000000e+03,6.209511941376857512e-18,2.046222442051516370e-13
1.476562500000000000e+03,7.455393326706802415e-18,2.904898237955951974e-13
1.482421875000000000e+03,1.418600911228393914e-17,2.471055300587089004e-13
1.488281250000000000e+03,2.832877813130016434e-17,1.221604914731154280e-13
1.494140625000000000e+03,5.037571152409948393e-17,1.413922055226779221e-13
1.500000000000000000e+03,3.208248086907157242e-17,8.200946172312132510e-14
