profile,seed,method,split,level,n,recall,fpr,macro_f1,average_precision,threshold,tn,fp,fn,tp
k1,11,real,validation,window,2256,0.15691489361702127,0.047872340425531915,0.2888958104376562,0.8855684355227873,0.5865382030606271,358,18,1585,295
k1,11,real,validation,recording,24,0.25,0.0,0.3739130434782609,0.9043336146660954,0.564563804682582,4,0,15,5
k1,11,real,test,window,2256,0.11861702127659575,0.07180851063829788,0.2512103688461584,0.8766994301861852,0.5865382030606271,349,27,1657,223
k1,11,real,test,recording,24,0.2,0.0,0.3333333333333333,0.9024362576371595,0.564563804682582,4,0,16,4
k1,11,oversample,validation,window,2256,0.12446808510638298,0.047872340425531915,0.2601762656282025,0.872803796067741,0.8113665208220483,358,18,1646,234
k1,11,oversample,validation,recording,24,0.35,0.0,0.4497354497354497,0.906227495713631,0.7994323667693647,4,0,13,7
k1,11,oversample,test,window,2256,0.09680851063829787,0.0425531914893617,0.2354888992402308,0.8966292841557237,0.8113665208220483,360,16,1698,182
k1,11,oversample,test,recording,24,0.1,0.0,0.24475524475524477,0.9071677564333036,0.7994323667693647,4,0,18,2
k1,11,simple,validation,window,2256,0.9941489361702127,0.047872340425531915,0.9766876958682162,0.9997141712082693,0.9262402128370014,358,18,11,1869
k1,11,simple,validation,recording,24,1.0,0.0,1.0,1.0,0.8115873682964254,4,0,0,20
k1,11,simple,test,window,2256,0.9648936170212766,0.034574468085106384,0.9402761604283989,0.9990963026773044,0.9262402128370014,363,13,66,1814
k1,11,simple,test,recording,24,1.0,0.0,1.0,1.0,0.8115873682964254,4,0,0,20
k1,11,cvae,validation,window,2256,0.32127659574468087,0.047872340425531915,0.41951632723671806,0.935951372945198,0.9208324402570726,358,18,1276,604
k1,11,cvae,validation,recording,24,0.4,0.0,0.4857142857142857,0.9416118706714682,0.8965367909441604,4,0,12,8
k1,11,cvae,test,window,2256,0.3090425531914894,0.018617021276595744,0.4159416658473074,0.9443118031569872,0.9208324402570726,369,7,1299,581
k1,11,cvae,test,recording,24,0.35,0.0,0.4497354497354497,0.9491985149783136,0.8965367909441604,4,0,13,7
k1,22,real,validation,window,2256,0.015425531914893617,0.047872340425531915,0.15354059536726894,0.7697450671613779,0.5208174735307695,358,18,1851,29
k1,22,real,validation,recording,24,0.05,0.0,0.19576719576719576,0.7830576356029816,0.5130594392564704,4,0,19,1
k1,22,real,test,window,2256,0.018085106382978722,0.02127659574468085,0.1597748484324967,0.7953577871266854,0.5208174735307695,368,8,1846,34
k1,22,real,test,recording,24,0.05,0.25,0.16083916083916083,0.8133151303012657,0.5130594392564704,3,1,19,1
k1,22,oversample,validation,window,2256,0.10851063829787234,0.047872340425531915,0.24559814600597732,0.8608928277153506,0.8501835167407991,358,18,1676,204
k1,22,oversample,validation,recording,24,0.35,0.0,0.4497354497354497,0.8982294520905875,0.8140137323990783,4,0,13,7
k1,22,oversample,test,window,2256,0.14148936170212767,0.2047872340425532,0.25028284661312183,0.782842514496098,0.8501835167407991,299,77,1614,266
k1,22,oversample,test,recording,24,0.4,0.5,0.37777777777777777,0.789696531837466,0.8140137323990783,2,2,12,8
k1,22,simple,validation,window,2256,0.9515957446808511,0.047872340425531915,0.9191577286288434,0.9980471327563752,0.8349858088768088,358,18,91,1789
k1,22,simple,validation,recording,24,1.0,0.0,1.0,1.0,0.5635505702917495,4,0,0,20
k1,22,simple,test,window,2256,0.898936170212766,0.007978723404255319,0.8702229804828367,0.9981911028836428,0.8349858088768088,373,3,190,1690
k1,22,simple,test,recording,24,1.0,0.0,1.0,1.0,0.5635505702917495,4,0,0,20
k1,22,cvae,validation,window,2256,0.2542553191489362,0.047872340425531915,0.3687814474331328,0.9194352093187996,0.8922024816274644,358,18,1402,478
k1,22,cvae,validation,recording,24,0.4,0.0,0.4857142857142857,0.927906409466007,0.8319977124003655,4,0,12,8
k1,22,cvae,test,window,2256,0.2521276595744681,0.047872340425531915,0.3671210855620873,0.9212929879145333,0.8922024816274644,358,18,1406,474
k1,22,cvae,test,recording,24,0.35,0.25,0.4,0.9234143737239712,0.8319977124003655,3,1,13,7
k1,33,real,validation,window,2256,0.08244680851063829,0.047872340425531915,0.2210869066128244,0.8563285596601469,0.49688092619180685,358,18,1725,155
k1,33,real,validation,recording,24,0.15,0.0,0.29043478260869565,0.875913891114793,0.48117590901699475,4,0,17,3
k1,33,real,test,window,2256,0.061170212765957445,0.0425531914893617,0.20112790289155347,0.8573826271157826,0.49688092619180685,360,16,1765,115
k1,33,real,test,recording,24,0.1,0.0,0.24475524475524477,0.8801130253139272,0.48117590901699475,4,0,18,2
k1,33,oversample,validation,window,2256,0.10585106382978723,0.047872340425531915,0.24313763821134599,0.865705816495151,0.8542219623923303,358,18,1681,199
k1,33,oversample,validation,recording,24,0.25,0.0,0.3739130434782609,0.8948584480945835,0.8462122532122948,4,0,15,5
k1,33,oversample,test,window,2256,0.07819148936170213,0.03723404255319149,0.21852291084170694,0.8819561838361423,0.8542219623923303,362,14,1733,147
k1,33,oversample,test,recording,24,0.1,0.0,0.24475524475524477,0.8788704032017398,0.8462122532122948,4,0,18,2
k1,33,simple,validation,window,2256,1.0,0.047872340425531915,0.9853562068075175,0.9999798346312468,0.7703422632184812,358,18,0,1880
k1,33,simple,validation,recording,24,1.0,0.0,1.0,1.0,0.4947497579079859,4,0,0,20
k1,33,simple,test,window,2256,0.9914893617021276,0.02127659574468085,0.981012232072719,0.9998823945535612,0.7703422632184812,368,8,16,1864
k1,33,simple,test,recording,24,1.0,0.0,1.0,1.0,0.4947497579079859,4,0,0,20
k1,33,cvae,validation,window,2256,0.55,0.047872340425531915,0.5792425786174382,0.9682446355145097,0.7921580746769906,358,18,846,1034
k1,33,cvae,validation,recording,24,0.7,0.0,0.6974789915966386,0.9717489272423483,0.6899781824347188,4,0,6,14
k1,33,cvae,test,window,2256,0.5164893617021277,0.047872340425531915,0.5563395475423372,0.9667350051783804,0.7921580746769906,358,18,909,971
k1,33,cvae,test,recording,24,0.6,0.25,0.5636363636363637,0.9728925986723974,0.6899781824347188,3,1,8,12
k4,11,real,validation,window,2256,0.8946808510638298,0.047872340425531915,0.8539525739084566,0.996385332809384,0.9815721828490497,358,18,198,1682
k4,11,real,validation,recording,24,1.0,0.0,1.0,1.0,0.8899015823671437,4,0,0,20
k4,11,real,test,window,2256,0.8292553191489361,0.005319148936170213,0.8022723184013507,0.9963933358879097,0.9815721828490497,374,2,321,1559
k4,11,real,test,recording,24,0.9,0.0,0.8736842105263158,1.0,0.8899015823671437,4,0,2,18
k4,11,oversample,validation,window,2256,0.9148936170212766,0.047872340425531915,0.8758482012013015,0.997190218015958,0.8989240577793681,358,18,160,1720
k4,11,oversample,validation,recording,24,1.0,0.0,1.0,1.0,0.6555030973083203,4,0,0,20
k4,11,oversample,test,window,2256,0.875,0.010638297872340425,0.8445710833100077,0.9975788046235794,0.8989240577793681,372,4,235,1645
k4,11,oversample,test,recording,24,1.0,0.0,1.0,1.0,0.6555030973083203,4,0,0,20
k4,11,simple,validation,window,2256,0.999468085106383,0.047872340425531915,0.9845596062094417,0.9999093336166319,0.8975828566835845,358,18,1,1879
k4,11,simple,validation,recording,24,1.0,0.0,1.0,1.0,0.7305710781638228,4,0,0,20
k4,11,simple,test,window,2256,0.9861702127659574,0.04521276595744681,0.9660158955421787,0.999610441694272,0.8975828566835845,359,17,26,1854
k4,11,simple,test,recording,24,1.0,0.0,1.0,1.0,0.7305710781638228,4,0,0,20
k4,11,cvae,validation,window,2256,0.5154255319148936,0.047872340425531915,0.5556131346853356,0.97744322083751,0.9506520302966238,358,18,911,969
k4,11,cvae,validation,recording,24,0.6,0.0,0.625,0.9767387525185512,0.884685631752252,4,0,8,12
k4,11,cvae,test,window,2256,0.5824468085106383,0.015957446808510637,0.6089985102689338,0.9849957797152041,0.9506520302966238,370,6,785,1095
k4,11,cvae,test,recording,24,0.65,0.0,0.6606060606060606,0.9929545454545454,0.884685631752252,4,0,7,13
k4,22,real,validation,window,2256,0.9436170212765957,0.047872340425531915,0.9093059446000622,0.9980071288481871,0.9779749104636722,358,18,106,1774
k4,22,real,validation,recording,24,1.0,0.0,1.0,1.0,0.8814860579827934,4,0,0,20
k4,22,real,test,window,2256,0.9047872340425532,0.010638297872340425,0.8757714858295758,0.9989521575068246,0.9779749104636722,372,4,179,1701
k4,22,real,test,recording,24,1.0,0.0,1.0,1.0,0.8814860579827934,4,0,0,20
k4,22,oversample,validation,window,2256,0.4867021276595745,0.047872340425531915,0.5359876902140424,0.9770168587532269,0.9892649562607404,358,18,965,915
k4,22,oversample,validation,recording,24,0.7,0.0,0.6974789915966386,0.9836435144233132,0.8936115213621808,4,0,6,14
k4,22,oversample,test,window,2256,0.5010638297872341,0.005319148936170213,0.5551333861418042,0.9907285351567555,0.9892649562607404,374,2,938,942
k4,22,oversample,test,recording,24,0.75,0.0,0.7362637362637363,0.9976190476190476,0.8936115213621808,4,0,5,15
k4,22,simple,validation,window,2256,0.9622340425531914,0.047872340425531915,0.9327161807357911,0.9987620152337462,0.9390797968953849,358,18,71,1809
k4,22,simple,validation,recording,24,1.0,0.0,1.0,1.0,0.7350075223936423,4,0,0,20
k4,22,simple,test,window,2256,0.9335106382978723,0.018617021276595744,0.9060160199965914,0.9989935947961275,0.9390797968953849,369,7,125,1755
k4,22,simple,test,recording,24,1.0,0.0,1.0,1.0,0.7350075223936423,4,0,0,20
k4,22,cvae,validation,window,2256,0.5122340425531915,0.047872340425531915,0.5534338757758794,0.9798699074327584,0.9796550003811718,358,18,917,963
k4,22,cvae,validation,recording,24,0.8,0.0,0.7777777777777777,0.9897096908939014,0.8343351630269839,4,0,4,16
k4,22,cvae,test,window,2256,0.5702127659574469,0.0026595744680851063,0.6035594638865424,0.9920598638469844,0.9796550003811718,375,1,808,1072
k4,22,cvae,test,recording,24,0.7,0.0,0.6974789915966386,0.9976190476190476,0.8343351630269839,4,0,6,14
k4,33,real,validation,window,2256,0.9835106382978723,0.047872340425531915,0.9614352920244693,0.9995009261634782,0.5135708573541821,358,18,31,1849
k4,33,real,validation,recording,24,1.0,0.0,1.0,1.0,0.3116675462249333,4,0,0,20
k4,33,real,test,window,2256,0.9952127659574468,0.09574468085106383,0.9630241388415905,0.9996505396167932,0.5135708573541821,340,36,9,1871
k4,33,real,test,recording,24,1.0,0.25,0.9163763066202091,1.0,0.3116675462249333,3,1,0,20
k4,33,oversample,validation,window,2256,0.9122340425531915,0.047872340425531915,0.8728950302131686,0.996402523983569,0.9282789389999381,358,18,165,1715
k4,33,oversample,validation,recording,24,0.95,0.0,0.9316239316239316,0.9976190476190476,0.8106693013618681,4,0,1,19
k4,33,oversample,test,window,2256,0.8691489361702127,0.007978723404255319,0.8394748836591259,0.9983344194803105,0.9282789389999381,373,3,246,1634
k4,33,oversample,test,recording,24,1.0,0.0,1.0,1.0,0.8106693013618681,4,0,0,20
k4,33,simple,validation,window,2256,0.9457446808510638,0.047872340425531915,0.9119075758443492,0.9982794358537517,0.9693162679814123,358,18,102,1778
k4,33,simple,validation,recording,24,1.0,0.0,1.0,1.0,0.8337588494302642,4,0,0,20
k4,33,simple,test,window,2256,0.9377659574468085,0.005319148936170213,0.9150488178810618,0.9993018989298117,0.9693162679814123,374,2,117,1763
k4,33,simple,test,recording,24,1.0,0.0,1.0,1.0,0.8337588494302642,4,0,0,20
k4,33,cvae,validation,window,2256,0.9271276595744681,0.047872340425531915,0.8897364528423735,0.9976454470532076,0.8861887680832298,358,18,137,1743
k4,33,cvae,validation,recording,24,1.0,0.0,1.0,1.0,0.6564336626882111,4,0,0,20
k4,33,cvae,test,window,2256,0.8452127659574468,0.007978723404255319,0.8163151364764267,0.9972741311926305,0.8861887680832298,373,3,291,1589
k4,33,cvae,test,recording,24,1.0,0.0,1.0,1.0,0.6564336626882111,4,0,0,20
